{
  "greedy": {
    "pa": 0.5899476651102304,
    "em": 0.04
  },
  "autoregressive": {
    "AR(r3,t0.9)": {
      "pa": 0.5899476651102304,
      "em": 0.04
    },
    "AR(r5,t0.9)": {
      "pa": 0.5899476651102304,
      "em": 0.04
    },
    "AR(r5,t0.8)": {
      "pa": 0.5899476651102304,
      "em": 0.04
    },
    "AR(r10,t0.7)": {
      "pa": 0.5899476651102304,
      "em": 0.04
    }
  },
  "elapsed": 54.08961582183838,
  "timestamp": "2026-04-24T11:11:13.694152"
}