{
  "experiment": "Phase 36b: Pink Noise Beam Search",
  "timestamp": "2026-04-10T10:56:28.205127",
  "results": {
    "baseline": 0.2919999957084656,
    "sigma_0.05": {
      "white": 0.24666666666666667,
      "pink": 0.22666666666666666,
      "snn_chaotic": 0.22666666666666666
    },
    "sigma_0.1": {
      "white": 0.20333333333333334,
      "pink": 0.18666666666666668,
      "snn_chaotic": 0.21333333333333335
    },
    "sigma_0.2": {
      "white": 0.2,
      "pink": 0.15333333333333332,
      "snn_chaotic": 0.18333333333333332
    },
    "sigma_0.3": {
      "white": 0.17,
      "pink": 0.10333333333333333,
      "snn_chaotic": 0.17
    },
    "sigma_0.5": {
      "white": 0.12333333333333334,
      "pink": 0.09,
      "snn_chaotic": 0.13666666666666666
    },
    "sigma_0.8": {
      "white": 0.16333333333333333,
      "pink": 0.09333333333333334,
      "snn_chaotic": 0.13666666666666666
    },
    "sigma_1.0": {
      "white": 0.11666666666666667,
      "pink": 0.09,
      "snn_chaotic": 0.13
    },
    "sigma_1.5": {
      "white": 0.12666666666666668,
      "pink": 0.09,
      "snn_chaotic": 0.11333333333333333
    },
    "sigma_2.0": {
      "white": 0.13666666666666666,
      "pink": 0.09,
      "snn_chaotic": 0.10666666666666667
    }
  }
}