{
  "N": 100,
  "results": {
    "greedy": {
      "pa": 0.5471776689961553,
      "em": 0.0
    },
    "oracle": {
      "pa": 0.6247549448907376,
      "em": 0.04
    },
    "cosine": {
      "pa": 0.5479870325699449,
      "em": 0.0
    },
    "margin": {
      "pa": 0.5423783831298351,
      "em": 0.0
    }
  },
  "vgap_cosine": 7.6767912320792675,
  "vgap_margin": 8.23765617609024,
  "elapsed": 61.91746783256531,
  "timestamp": "2026-04-23T03:33:10.686436"
}