{
  "N": 100,
  "results": {
    "greedy": {
      "pa": 0.5471776689961553,
      "em": 0.0
    },
    "oracle": {
      "pa": 0.6247549448907376,
      "em": 0.04
    },
    "ae_critic": {
      "pa": 0.5379627429693937,
      "em": 0.0
    },
    "margin": {
      "pa": 0.5423783831298351,
      "em": 0.0
    }
  },
  "verification_gap_ae_pp": 8.67922019213438,
  "verification_gap_margin_pp": 8.23765617609024,
  "elapsed": 77.56858777999878,
  "timestamp": "2026-04-23T03:16:12.716619"
}