{
  "standard": 0.5032763051986694,
  "dilated": 0.49062874130904677,
  "elapsed": 199.74317812919617,
  "timestamp": "2026-04-22T19:32:15.918005"
}