{
  "results": {
    "nca_only": {
      "pa": 0.5861275684890889,
      "em": 0.04
    },
    "hybrid": {
      "pa": 0.5867275684890889,
      "em": 0.04
    },
    "dsl_used": 50,
    "nca_fallback": 0,
    "delta_pa": 0.060000000000004494,
    "confidence_threshold": 0.85
  },
  "elapsed": 102.19460391998291,
  "timestamp": "2026-04-25T09:55:10.596022"
}