{
  "experiment": "Phase 121: Edge of Chaos",
  "timestamp": "2026-04-18T13:58:12.483599",
  "all_results": {
    "Vanilla NCA": {
      "base": 0.1939,
      "beta_mean": 0.39473000168800354,
      "beta_std": 0.1935732066631317,
      "noise_0.01": 0.1939,
      "vote_0.01": 0.1939,
      "noise_0.05": 0.1941,
      "vote_0.05": 0.194,
      "noise_0.1": 0.1941,
      "vote_0.1": 0.194,
      "noise_0.2": 0.1933,
      "vote_0.2": 0.194,
      "noise_0.5": 0.1933,
      "vote_0.5": 0.1937,
      "noise_1.0": 0.1926,
      "vote_1.0": 0.1925
    },
    "+ Train Noise (0.1)": {
      "base": 0.1745,
      "beta_mean": 0.3831121027469635,
      "beta_std": 0.20231066644191742,
      "noise_0.01": 0.1745,
      "vote_0.01": 0.1745,
      "noise_0.05": 0.1746,
      "vote_0.05": 0.1745,
      "noise_0.1": 0.1744,
      "vote_0.1": 0.1742,
      "noise_0.2": 0.1738,
      "vote_0.2": 0.1742,
      "noise_0.5": 0.1688,
      "vote_0.5": 0.17,
      "noise_1.0": 0.1602,
      "vote_1.0": 0.1605
    },
    "+ Liquid Reg (0.1)": {
      "base": 0.2219,
      "beta_mean": 0.4279692769050598,
      "beta_std": 0.1663055568933487,
      "noise_0.01": 0.2219,
      "vote_0.01": 0.2219,
      "noise_0.05": 0.222,
      "vote_0.05": 0.2219,
      "noise_0.1": 0.222,
      "vote_0.1": 0.2221,
      "noise_0.2": 0.2214,
      "vote_0.2": 0.222,
      "noise_0.5": 0.222,
      "vote_0.5": 0.2231,
      "noise_1.0": 0.2244,
      "vote_1.0": 0.2254
    },
    "+ Liquid + Noise": {
      "base": 0.1971,
      "beta_mean": 0.42301779985427856,
      "beta_std": 0.16559094190597534,
      "noise_0.01": 0.1972,
      "vote_0.01": 0.1971,
      "noise_0.05": 0.1972,
      "vote_0.05": 0.1972,
      "noise_0.1": 0.197,
      "vote_0.1": 0.1972,
      "noise_0.2": 0.1972,
      "vote_0.2": 0.1972,
      "noise_0.5": 0.1951,
      "vote_0.5": 0.1949,
      "noise_1.0": 0.1902,
      "vote_1.0": 0.1909
    },
    "+ Liquid Strong (0.5)": {
      "base": 0.1152,
      "beta_mean": 0.4825544059276581,
      "beta_std": 0.10073882341384888,
      "noise_0.01": 0.1152,
      "vote_0.01": 0.1152,
      "noise_0.05": 0.1153,
      "vote_0.05": 0.1152,
      "noise_0.1": 0.1154,
      "vote_0.1": 0.1151,
      "noise_0.2": 0.1154,
      "vote_0.2": 0.1155,
      "noise_0.5": 0.1157,
      "vote_0.5": 0.1158,
      "noise_1.0": 0.1181,
      "vote_1.0": 0.117
    }
  }
}