{
  "gated": {
    "pa": 0.5867887280136347,
    "em": 0.04
  },
  "inpaint3": {
    "pa": 0.47550583988428113,
    "em": 0.0,
    "avg_dissonance_pct": 96.28216171264648
  },
  "inpaint5": {
    "pa": 0.4595215928182006,
    "em": 0.0,
    "avg_dissonance_pct": 35.78670732304454
  },
  "elapsed": 207.5760374069214,
  "timestamp": "2026-04-23T01:13:20.907279"
}