{
  "baseline": {
    "pa": 0.5926455602794886,
    "em": 0.04
  },
  "moe": {
    "MoE(16,k2)": {
      "pa": 0.57880161203444,
      "em": 0.02,
      "params": 721639
    },
    "MoE(32,k2)": {
      "pa": 0.5897668883949518,
      "em": 0.04,
      "params": 1313527
    }
  },
  "elapsed": 220.50843453407288,
  "timestamp": "2026-04-24T11:10:19.232305"
}