{
  "experiment": "Phase 181: Evolutionary Swarm",
  "timestamp": "2026-04-22T12:55:25.223708",
  "summary": {
    "top1": {
      "pa": 0.5219830767717213,
      "em": 0.0,
      "k": 1
    },
    "top3": {
      "pa": 0.5219830767717213,
      "em": 0.0,
      "k": 3
    },
    "top5": {
      "pa": 0.5222330765333026,
      "em": 0.0,
      "k": 5
    },
    "top7": {
      "pa": 0.5222330765333026,
      "em": 0.0,
      "k": 7
    },
    "top9": {
      "pa": 0.5222330765333026,
      "em": 0.0,
      "k": 9
    }
  },
  "improvement_pp": 0.02499997615813543,
  "elapsed_seconds": 203.1326720714569
}