{
  "experiment": "Phase 122: In-Context Meta-NCA",
  "timestamp": "2026-04-18T14:01:48.622285",
  "results": {
    "seen": {
      "meta_iou": 0.7909937841196855,
      "base_iou": 0.6489964244266351,
      "per_rule": {
        "flip_v": {
          "meta": 0.5408159151673317,
          "base": 0.5336395427584648
        },
        "flip_h": {
          "meta": 0.6594333534057324,
          "base": 0.6364066004753113
        },
        "invert": {
          "meta": 1.0,
          "base": 0.7240961735898798
        },
        "fill_border": {
          "meta": 1.0,
          "base": 0.771384134888649
        },
        "hollow": {
          "meta": 1.0,
          "base": 0.6310596466064453
        },
        "rotate90": {
          "meta": 0.5598542876541615,
          "base": 0.6104220971465111
        }
      }
    },
    "unseen": {
      "meta_iou": 0.24288816393042603,
      "base_iou": 0.21687695767420034,
      "per_rule": {
        "erode": {
          "meta": 0.08131346516311169,
          "base": 0.06620157823587457
        },
        "dilate": {
          "meta": 0.4044628626977404,
          "base": 0.3675523371125261
        }
      }
    }
  }
}