{
  "experiment": "Phase 37a: Sigma-Diverse NBS",
  "timestamp": "2026-04-10T11:06:07.793753",
  "sigma_schedule": [
    0.0,
    0.01,
    0.05,
    0.1,
    0.15,
    0.2,
    0.3,
    0.4,
    0.5,
    0.75,
    1.0
  ],
  "results": {
    "Easy (\u03c3*\u22480)": {
      "baseline": 1.0,
      "fixed_sigma_results": {
        "0.0": 1.0,
        "0.01": 1.0,
        "0.05": 1.0,
        "0.1": 1.0,
        "0.15": 1.0,
        "0.2": 1.0,
        "0.3": 1.0,
        "0.5": 0.994,
        "1.0": 0.948
      },
      "best_fixed_sigma": 0.0,
      "best_fixed_acc": 1.0,
      "diverse_acc": 1.0,
      "gap": 0.0
    },
    "Medium (\u03c3*\u22480.15)": {
      "baseline": 1.0,
      "fixed_sigma_results": {
        "0.0": 1.0,
        "0.01": 1.0,
        "0.05": 1.0,
        "0.1": 1.0,
        "0.15": 0.998,
        "0.2": 0.994,
        "0.3": 0.99,
        "0.5": 0.942,
        "1.0": 0.86
      },
      "best_fixed_sigma": 0.0,
      "best_fixed_acc": 1.0,
      "diverse_acc": 1.0,
      "gap": 0.0
    },
    "Hard (\u03c3*\u22480.3)": {
      "baseline": 0.9860000014305115,
      "fixed_sigma_results": {
        "0.0": 0.986,
        "0.01": 0.984,
        "0.05": 0.984,
        "0.1": 0.982,
        "0.15": 0.952,
        "0.2": 0.944,
        "0.3": 0.896,
        "0.5": 0.816,
        "1.0": 0.662
      },
      "best_fixed_sigma": 0.0,
      "best_fixed_acc": 0.986,
      "diverse_acc": 0.976,
      "gap": -0.010000000000000009
    },
    "MultiStep (\u03c3*=?)": {
      "baseline": 1.0,
      "fixed_sigma_results": {
        "0.0": 1.0,
        "0.01": 1.0,
        "0.05": 1.0,
        "0.1": 1.0,
        "0.15": 0.998,
        "0.2": 0.994,
        "0.3": 0.984,
        "0.5": 0.926,
        "1.0": 0.79
      },
      "best_fixed_sigma": 0.0,
      "best_fixed_acc": 1.0,
      "diverse_acc": 0.998,
      "gap": -0.0020000000000000018
    }
  },
  "n_equivalent_or_better": 4
}