{
  "experiment": "Phase 185: Latent Confidence Head",
  "timestamp": "2026-04-22T14:03:13.155544",
  "summary": {
    "standard": {
      "pa": 0.47591922625899313,
      "em": 0.0,
      "time": 0.1054084300994873,
      "speedup": 1.0
    },
    "margin_decoder": {
      "pa": 0.48442778915166856,
      "em": 0.0,
      "time": 0.24687623977661133,
      "speedup": 0.42696871191357777
    },
    "latent_head": {
      "pa": 0.48192202776670456,
      "em": 0.0,
      "time": 0.22571730613708496,
      "speedup": 0.4669931247339518
    }
  },
  "elapsed_seconds": 6.632852077484131
}