{
  "greedy": {
    "pa": 0.5904904792457819,
    "em": 0.04
  },
  "hill_climb": {
    "px5_it3": {
      "pa": 0.534451072588563,
      "em": 0.0
    },
    "px10_it5": {
      "pa": 0.49131024710834026,
      "em": 0.0
    },
    "px15_it5": {
      "pa": 0.4598070402443409,
      "em": 0.0
    }
  },
  "elapsed": 238.14609289169312,
  "timestamp": "2026-04-24T09:44:26.344797"
}