{
  "experiment": "Phase 90: Capacity Scaling",
  "timestamp": "2026-04-16T23:50:15.810958",
  "results": {
    "hc16": {
      "hidden_ch": 16,
      "n_params": 14570,
      "latency_ms": 3.8285619995440356,
      "avg_exact": 0.185999995470047,
      "tasks": {
        "gravity": {
          "pixel": 0.97523432970047,
          "exact": 0.28999999165534973
        },
        "expand": {
          "pixel": 0.9860156178474426,
          "exact": 0.574999988079071
        },
        "color_invert": {
          "pixel": 0.9235936999320984,
          "exact": 0.06499999761581421
        },
        "move_right": {
          "pixel": 0.8844531178474426,
          "exact": 0.0
        },
        "fill_border": {
          "pixel": 0.5738281011581421,
          "exact": 0.0
        }
      }
    },
    "hc32": {
      "hidden_ch": 32,
      "n_params": 49098,
      "latency_ms": 3.611239999299869,
      "avg_exact": 0.2779999941587448,
      "tasks": {
        "gravity": {
          "pixel": 0.9821093678474426,
          "exact": 0.5550000071525574
        },
        "expand": {
          "pixel": 0.9629687070846558,
          "exact": 0.5949999690055847
        },
        "color_invert": {
          "pixel": 0.9510937333106995,
          "exact": 0.23999999463558197
        },
        "move_right": {
          "pixel": 0.8237499594688416,
          "exact": 0.0
        },
        "fill_border": {
          "pixel": 0.6377343535423279,
          "exact": 0.0
        }
      }
    },
    "hc64": {
      "hidden_ch": 64,
      "n_params": 178058,
      "latency_ms": 4.392148000188172,
      "avg_exact": 0.34899999499320983,
      "tasks": {
        "gravity": {
          "pixel": 0.9799218773841858,
          "exact": 0.5450000166893005
        },
        "expand": {
          "pixel": 0.9668749570846558,
          "exact": 0.7049999833106995
        },
        "color_invert": {
          "pixel": 0.9497656226158142,
          "exact": 0.4949999749660492
        },
        "move_right": {
          "pixel": 0.7831249833106995,
          "exact": 0.0
        },
        "fill_border": {
          "pixel": 0.6817968487739563,
          "exact": 0.0
        }
      }
    },
    "hc128": {
      "hidden_ch": 128,
      "n_params": 675594,
      "latency_ms": 3.806440000771545,
      "avg_exact": 0.3920000001788139,
      "tasks": {
        "gravity": {
          "pixel": 0.9914062023162842,
          "exact": 0.7400000095367432
        },
        "expand": {
          "pixel": 0.9659374952316284,
          "exact": 0.6850000023841858
        },
        "color_invert": {
          "pixel": 0.9658593535423279,
          "exact": 0.5099999904632568
        },
        "move_right": {
          "pixel": 0.9177343249320984,
          "exact": 0.02499999850988388
        },
        "fill_border": {
          "pixel": 0.5525000095367432,
          "exact": 0.0
        }
      }
    }
  }
}