{
  "results": {
    "N=1": {
      "pa": 0.5845598211884498,
      "em": 0.0
    },
    "N=10": {
      "pa": 0.5930706688761711,
      "em": 0.0
    },
    "N=50": {
      "pa": 0.5921781638264656,
      "em": 0.0
    },
    "N=100": {
      "pa": 0.5931799712777138,
      "em": 0.0
    }
  },
  "training": {
    "pa": [
      0.5563012132793665,
      0.5736826304346323,
      0.6023999381065369,
      0.609044659435749,
      0.5845598211884498
    ],
    "em": [
      0.0,
      0.0,
      0.0,
      0.0,
      0.0
    ]
  },
  "elapsed": 591.291068315506,
  "timestamp": "2026-04-25T09:26:58.372210"
}