{
  "results": [
    {
      "C": 1000,
      "T": 3,
      "params": 1070267,
      "mem_gb": 0.01594822108745575,
      "pa": 0.3587391823530197,
      "em": 0.0,
      "status": "done"
    },
    {
      "C": 5000,
      "T": 3,
      "params": 25334267,
      "mem_gb": 0.3775099962949753,
      "pa": 0.3654083672910929,
      "em": 0.0,
      "status": "done"
    },
    {
      "C": 20000,
      "T": 3,
      "params": 401324267,
      "mem_gb": 5.9801975935697556,
      "pa": 0.3587391823530197,
      "em": 0.0,
      "status": "done"
    }
  ],
  "elapsed": 356.2150888442993,
  "timestamp": "2026-04-23T02:48:53.831621"
}