{
  "results": {
    "1:0 (baseline)": {
      "pa": 0.5961481938511133,
      "em": 0.04
    },
    "1:3": {
      "pa": 0.5767878387868405,
      "em": 0.0
    },
    "1:5": {
      "pa": 0.6146919363737107,
      "em": 0.04
    },
    "1:10": {
      "pa": 0.610193913280964,
      "em": 0.02
    }
  },
  "elapsed": 2074.6718049049377,
  "timestamp": "2026-04-25T08:24:23.209123"
}