{
  "base": {
    "pa": 0.3295972663164139,
    "em": 0.0
  },
  "ttt": {
    "10": {
      "pa": 0.4603968173265457,
      "em": 0.0
    },
    "30": {
      "pa": 0.4603968173265457,
      "em": 0.0
    },
    "50": {
      "pa": 0.4603968173265457,
      "em": 0.0
    }
  },
  "elapsed": 298.1144917011261,
  "timestamp": "2026-04-23T04:12:36.680397"
}