{
  "experiment": "Phase 176: Annealed Crystallization",
  "timestamp": "2026-04-21T01:48:18.104272",
  "standard": {
    "pa": 0.508304386138916,
    "em": 0.02
  },
  "annealed_configs": {
    "mild": {
      "pa": 0.5011049294471741,
      "em": 0.02,
      "tau_max": 1.0,
      "tau_min": 0.1,
      "avg_entropy_traj": [
        2.039217276573181,
        0.960797268152237,
        0.20181523278355598,
        0.07521086607128381,
        0.03977356909774244,
        0.021368857690686128,
        0.011265876638226473,
        0.006318763718073193
      ],
      "avg_confidence_traj": [
        0.3556874665617943,
        0.7735453402996063,
        0.9504581797122955,
        0.9780510091781616,
        0.9878810250759125,
        0.9932064831256866,
        0.9961797904968261,
        0.9976144206523895
      ]
    },
    "standard": {
      "pa": 0.5011049294471741,
      "em": 0.02,
      "tau_max": 2.0,
      "tau_min": 0.01,
      "avg_entropy_traj": [
        2.250555844306946,
        1.4412548112869263,
        0.13831601791083814,
        0.03406339392997324,
        0.00997144063000121,
        0.003144040850997533,
        0.0011544951946554115,
        0.0004689336125022077
      ],
      "avg_confidence_traj": [
        0.199722521007061,
        0.6229781794548035,
        0.9632861685752868,
        0.9894069945812225,
        0.99655890583992,
        0.9987382912635803,
        0.999518860578537,
        0.9998054122924804
      ]
    },
    "aggressive": {
      "pa": 0.5011049294471741,
      "em": 0.02,
      "tau_max": 5.0,
      "tau_min": 0.001,
      "avg_entropy_traj": [
        2.2956300926208497,
        1.991001958847046,
        0.13764334335923195,
        0.01822528259970568,
        0.003013902037093827,
        0.0007808211594008513,
        0.0001876880471421379,
        3.290396838008875e-05
      ],
      "avg_confidence_traj": [
        0.1332929302752018,
        0.38771380007267,
        0.9633977484703063,
        0.9940514779090881,
        0.9988163650035858,
        0.9996514546871186,
        0.9999246525764466,
        0.9999892687797547
      ]
    }
  },
  "best_config": "mild",
  "improvement_pp": -0.7199456691741934,
  "elapsed_seconds": 25.645910024642944
}