{
  "results": {
    "baseline": {
      "pa": 0.5930874941498041,
      "em": 0.04
    },
    "simple_10K": {
      "pa": 0.5795401359349489,
      "em": 0.0
    },
    "complex_10K": {
      "pa": 0.5906975737959147,
      "em": 0.02
    }
  },
  "elapsed": 1445.0596737861633,
  "timestamp": "2026-04-25T06:27:41.711168"
}