{
  "experiment": "Phase 168: Red Queen Co-Evolution",
  "timestamp": "2026-04-20T14:50:40.084289",
  "final_result": {
    "final_prey": 9.0,
    "final_pred": 204.0,
    "captures": 216,
    "prey_history": [
      34.0,
      1.0,
      3.0,
      6.0,
      6.0,
      6.0,
      8.0,
      6.0,
      7.0,
      7.0,
      9.0,
      8.0,
      9.0,
      7.0,
      9.0,
      7.0,
      8.0,
      8.0,
      8.0,
      7.0,
      6.0,
      8.0,
      14.0,
      11.0,
      9.0,
      10.0,
      10.0,
      10.0,
      10.0,
      11.0,
      9.0
    ],
    "pred_history": [
      26.0,
      239.0,
      233.0,
      218.0,
      220.0,
      222.0,
      218.0,
      218.0,
      225.0,
      221.0,
      216.0,
      208.0,
      214.0,
      213.0,
      215.0,
      221.0,
      211.0,
      211.0,
      210.0,
      205.0,
      212.0,
      212.0,
      204.0,
      209.0,
      205.0,
      201.0,
      204.0,
      202.0,
      203.0,
      199.0,
      204.0
    ]
  },
  "prey_fitness_history": [
    0.0,
    0.0,
    116.0,
    116.0,
    256.0,
    -12.0,
    -2.0,
    -9.5,
    -16.0,
    -15.0,
    -16.5,
    -2.5,
    -16.0,
    -15.0,
    -16.0,
    -17.0,
    -16.5,
    -16.5,
    -16.5,
    -4.5,
    -15.5,
    -15.5,
    -16.0,
    -16.5,
    -15.0,
    -16.5,
    -15.0,
    -16.0,
    -16.0,
    -17.0,
    -15.5,
    28.0,
    -16.0,
    -12.5,
    -15.0,
    -13.5,
    -12.0,
    -14.5,
    -15.0,
    -16.0
  ],
  "pred_fitness_history": [
    0.0,
    0.0,
    36.0,
    165.5,
    216.5,
    1060.5,
    3226.5,
    163.0,
    194.0,
    167.0,
    323.0,
    167.0,
    167.0,
    1172.0,
    846.5,
    167.0,
    168.0,
    460.0,
    1341.0,
    164.0,
    167.0,
    168.0,
    371.5,
    363.5,
    307.0,
    167.0,
    167.0,
    188.0,
    167.0,
    297.0,
    489.5,
    196.0,
    256.5,
    314.0,
    162.5,
    233.0,
    165.0,
    213.0,
    170.5,
    168.5
  ],
  "captures_history": [
    0,
    0,
    3266,
    238,
    634,
    21,
    35,
    38,
    31,
    35,
    7,
    37,
    36,
    1348,
    620,
    37,
    38,
    146,
    598,
    36,
    35,
    37,
    46,
    119,
    201,
    34,
    39,
    59,
    37,
    55,
    65,
    36,
    200,
    38,
    31,
    34,
    34,
    33,
    35,
    51
  ],
  "arms_race": "False",
  "elapsed_seconds": 1177.4351961612701
}