{
  "fixed": {
    "pa": 0.6330971051752567,
    "em": 0.04,
    "N": 100
  },
  "dynamic": {
    "pa": 0.6289267285168171,
    "em": 0.04,
    "N_min": 29,
    "N_max": 166
  },
  "difficulties": [
    0.19321894645690918,
    0.3945966958999634,
    0.24959850311279297,
    0.8552446067333221,
    0.17541277408599854,
    0.2205597162246704,
    0.7814326584339142,
    0.8721138536930084,
    0.20500147342681885,
    0.6132121682167053,
    0.5119554102420807,
    0.775338351726532,
    0.8284010738134384,
    0.4827343821525574,
    0.9037199467420578,
    0.8528753519058228,
    0.7701397240161896,
    0.40989071130752563,
    0.38488447666168213,
    0.435976505279541,
    0.8653874099254608,
    0.6617252230644226,
    0.34015530347824097,
    0.3548543453216553,
    0.8398255705833435,
    0.9078344702720642,
    0.6336196660995483,
    0.3490501046180725,
    0.2069670557975769,
    0.8131355494260788,
    0.8384710550308228,
    0.684312254190445,
    0.9037844613194466,
    0.30711662769317627,
    0.575003445148468,
    0.33291012048721313,
    0.16841745376586914,
    0.9027276486158371,
    0.572021484375,
    0.35443568229675293,
    0.7483644485473633,
    0.7566826045513153,
    0.9366293177008629,
    0.806548610329628,
    0.1942601203918457,
    0.22051101922988892,
    0.2854490876197815,
    0.8151525259017944,
    0.5090023577213287,
    0.3169325590133667
  ],
  "total_budget": 5000,
  "delta_pa": -0.41703766584396673,
  "elapsed": 106.83607769012451,
  "timestamp": "2026-04-25T08:39:30.230608"
}