{
  "experiment": "Phase 151: Neural ODE Automata",
  "timestamp": "2026-04-19T12:47:03.685248",
  "results": {
    "dt=1.0": {
      "pixel_acc": 1.0,
      "exact_match": 1.0,
      "params": 37313,
      "dt": 1.0,
      "n_steps": 5,
      "pa_2x": 1.0,
      "em_2x": 1.0
    },
    "dt=0.5": {
      "pixel_acc": 1.0,
      "exact_match": 1.0,
      "params": 37313,
      "dt": 0.5,
      "n_steps": 10,
      "pa_2x": 1.0,
      "em_2x": 1.0
    },
    "dt=0.25": {
      "pixel_acc": 1.0,
      "exact_match": 1.0,
      "params": 37313,
      "dt": 0.25,
      "n_steps": 20,
      "pa_2x": 1.0,
      "em_2x": 1.0
    },
    "dt=0.1": {
      "pixel_acc": 1.0,
      "exact_match": 1.0,
      "params": 37313,
      "dt": 0.1,
      "n_steps": 50,
      "pa_2x": 1.0,
      "em_2x": 1.0
    }
  },
  "trajectories": {
    "dt=1.0": [
      1.0065398216247559,
      7.3962883949279785,
      54.836830139160156,
      409.18768310546875,
      3067.397216796875
    ],
    "dt=0.5": [
      0.6664314866065979,
      2.840628147125244,
      12.315176010131836,
      53.75554656982422,
      235.71376037597656,
      1037.013427734375,
      4573.814453125,
      20213.13671875,
      89471.0546875,
      396553.0
    ],
    "dt=0.25": [
      0.3043854236602783,
      1.9818041324615479,
      13.42196273803711,
      92.01922607421875,
      635.7124633789062,
      4414.48193359375,
      30767.55078125,
      215023.96875,
      1505841.0,
      10562502.0
    ],
    "dt=0.1": [
      0.19888947904109955,
      2.5537586212158203,
      36.95921325683594,
      546.305419921875,
      8165.115234375,
      122859.28125,
      1856718.5,
      28141864.0,
      427387936.0,
      6499528704.0
    ]
  },
  "best": "dt=1.0",
  "elapsed_seconds": 294.93492364883423
}