{
  "experiment": "Phase 113: Cellular Canary",
  "timestamp": "2026-04-18T08:40:18.082833",
  "t_vs_accuracy": {
    "1": 0.119,
    "2": 0.1136,
    "3": 0.1283,
    "4": 0.1783,
    "5": 0.1965,
    "6": 0.1563,
    "7": 0.1399,
    "8": 0.1385,
    "9": 0.1275,
    "10": 0.1236,
    "11": 0.124,
    "12": 0.1255,
    "13": 0.1116,
    "14": 0.091,
    "15": 0.0835,
    "16": 0.0985,
    "17": 0.1161,
    "18": 0.1248,
    "19": 0.1113,
    "20": 0.1127,
    "21": 0.1095,
    "22": 0.1073,
    "23": 0.1077,
    "24": 0.1064,
    "25": 0.1055,
    "26": 0.1044,
    "27": 0.104,
    "28": 0.1033,
    "29": 0.1032,
    "30": 0.1034
  },
  "optimal_T": 5,
  "collapse_T": 7,
  "canary_channels": [
    0,
    1,
    2
  ],
  "canary_threshold": 11.910785751342774,
  "results": {
    "optimal": 0.1965,
    "collapse": 0.1399,
    "healed": 0.2036
  },
  "heal_improvement": 0.0637,
  "mean_stop_T": 4.886075949367089,
  "canary_scores": [
    [
      0,
      0.0,
      0.003974342346191406
    ],
    [
      1,
      0.0,
      0.008386993408203125
    ],
    [
      2,
      0.0,
      0.000423431396484375
    ],
    [
      3,
      0.0,
      0.0110504150390625
    ],
    [
      4,
      0.0,
      0.0136444091796875
    ],
    [
      5,
      0.0,
      -0.0012371063232421875
    ],
    [
      6,
      0.0,
      0.014710044860839844
    ],
    [
      7,
      0.0,
      -0.015320777893066406
    ],
    [
      8,
      0.0,
      0.005846405029296875
    ],
    [
      9,
      0.0,
      -0.003958511352539063
    ]
  ]
}