{
  "experiment": "Phase 38b: Sequential Sigma-Diverse NBS",
  "timestamp": "2026-04-10T12:48:52.877623",
  "sigma_schedule": [
    0.0,
    0.05,
    0.15,
    0.3,
    0.5,
    0.01,
    0.1,
    0.2,
    0.4,
    0.75
  ],
  "results": {
    "difficulty_1": {
      "fixed_results": {
        "0.0": 0.135,
        "0.05": 0.14,
        "0.1": 0.16,
        "0.15": 0.16,
        "0.3": 0.22,
        "0.5": 0.31,
        "1.0": 0.39
      },
      "best_fixed_sigma": 1.0,
      "best_fixed_rate": 0.39,
      "diverse_rate": 0.23,
      "gap": -0.16,
      "verdict": "Fixed wins"
    },
    "difficulty_2": {
      "fixed_results": {
        "0.0": 0.02,
        "0.05": 0.035,
        "0.1": 0.025,
        "0.15": 0.02,
        "0.3": 0.035,
        "0.5": 0.055,
        "1.0": 0.115
      },
      "best_fixed_sigma": 1.0,
      "best_fixed_rate": 0.115,
      "diverse_rate": 0.04,
      "gap": -0.07500000000000001,
      "verdict": "Fixed wins"
    },
    "difficulty_3": {
      "fixed_results": {
        "0.0": 0.005,
        "0.05": 0.015,
        "0.1": 0.005,
        "0.15": 0.01,
        "0.3": 0.01,
        "0.5": 0.025,
        "1.0": 0.02
      },
      "best_fixed_sigma": 0.5,
      "best_fixed_rate": 0.025,
      "diverse_rate": 0.015,
      "gap": -0.010000000000000002,
      "verdict": "EQUIVALENT"
    },
    "difficulty_4": {
      "fixed_results": {
        "0.0": 0.005,
        "0.05": 0.01,
        "0.1": 0.005,
        "0.15": 0.005,
        "0.3": 0.005,
        "0.5": 0.01,
        "1.0": 0.0
      },
      "best_fixed_sigma": 0.05,
      "best_fixed_rate": 0.01,
      "diverse_rate": 0.0,
      "gap": -0.01,
      "verdict": "EQUIVALENT"
    }
  }
}