{
  "experiment": "Phase 41: N-Game Capacity Limit",
  "timestamp": "2026-04-11T08:18:35.031509",
  "model_config": {
    "ch1": 64,
    "ch2": 128,
    "hidden": 256
  },
  "results": {
    "2_games": {
      "n_games": 2,
      "no_gate": {
        "params": 114503,
        "avg_correct": 0.6175000071525574,
        "avg_wrong": 0.6175000071525574,
        "separation": 0.0,
        "per_game": {
          "game_0": 0.36250001192092896,
          "game_1": 0.8725000023841858
        },
        "per_game_wrong": {
          "game_0_wrong": 0.36250001192092896,
          "game_1_wrong": 0.8725000023841858
        }
      },
      "gated": {
        "params": 115015,
        "avg_correct": 0.5674999952316284,
        "avg_wrong": 0.39374999701976776,
        "separation": 0.17374999821186066,
        "per_game": {
          "game_0": 0.32499998807907104,
          "game_1": 0.8100000023841858
        },
        "per_game_wrong": {
          "game_0_wrong": 0.2874999940395355,
          "game_1_wrong": 0.5
        }
      }
    },
    "5_games": {
      "n_games": 5,
      "no_gate": {
        "params": 114503,
        "avg_correct": 0.46500000059604646,
        "avg_wrong": 0.46500000059604646,
        "separation": 0.0,
        "per_game": {
          "game_0": 0.23499999940395355,
          "game_1": 0.5249999761581421,
          "game_2": 0.3449999988079071,
          "game_3": 0.24500000476837158,
          "game_4": 0.9750000238418579
        },
        "per_game_wrong": {
          "game_0_wrong": 0.23499999940395355,
          "game_1_wrong": 0.5249999761581421,
          "game_2_wrong": 0.3449999988079071,
          "game_3_wrong": 0.24500000476837158,
          "game_4_wrong": 0.9750000238418579
        }
      },
      "gated": {
        "params": 115783,
        "avg_correct": 0.4955000042915344,
        "avg_wrong": 0.21749999662861227,
        "separation": 0.2780000076629221,
        "per_game": {
          "game_0": 0.2775000035762787,
          "game_1": 0.46000000834465027,
          "game_2": 0.3425000011920929,
          "game_3": 0.4050000011920929,
          "game_4": 0.9925000071525574
        },
        "per_game_wrong": {
          "game_0_wrong": 0.2874999940395355,
          "game_1_wrong": 0.32749998569488525,
          "game_2_wrong": 0.3375000059604645,
          "game_3_wrong": 0.1274999976158142,
          "game_4_wrong": 0.007499999832361937
        }
      }
    },
    "7_games": {
      "n_games": 7,
      "no_gate": {
        "params": 114503,
        "avg_correct": 0.47857143197740826,
        "avg_wrong": 0.47857143197740826,
        "separation": 0.0,
        "per_game": {
          "game_0": 0.26249998807907104,
          "game_1": 0.7049999833106995,
          "game_2": 0.33000001311302185,
          "game_3": 0.1850000023841858,
          "game_4": 0.9700000286102295,
          "game_5": 0.29499998688697815,
          "game_6": 0.6025000214576721
        },
        "per_game_wrong": {
          "game_0_wrong": 0.26249998807907104,
          "game_1_wrong": 0.7049999833106995,
          "game_2_wrong": 0.33000001311302185,
          "game_3_wrong": 0.1850000023841858,
          "game_4_wrong": 0.9700000286102295,
          "game_5_wrong": 0.29499998688697815,
          "game_6_wrong": 0.6025000214576721
        }
      },
      "gated": {
        "params": 116295,
        "avg_correct": 0.4835714229515621,
        "avg_wrong": 0.32500000298023224,
        "separation": 0.15857141997132984,
        "per_game": {
          "game_0": 0.26499998569488525,
          "game_1": 0.5899999737739563,
          "game_2": 0.33000001311302185,
          "game_3": 0.4099999964237213,
          "game_4": 0.9925000071525574,
          "game_5": 0.2800000011920929,
          "game_6": 0.5174999833106995
        },
        "per_game_wrong": {
          "game_0_wrong": 0.2824999988079071,
          "game_1_wrong": 0.48500001430511475,
          "game_2_wrong": 0.3174999952316284,
          "game_3_wrong": 0.1274999976158142,
          "game_4_wrong": 0.4975000023841858,
          "game_5_wrong": 0.22750000655651093,
          "game_6_wrong": 0.3375000059604645
        }
      }
    },
    "10_games": {
      "n_games": 10,
      "no_gate": {
        "params": 114503,
        "avg_correct": 0.4522499978542328,
        "avg_wrong": 0.4522499978542328,
        "separation": 0.0,
        "per_game": {
          "game_0": 0.22499999403953552,
          "game_1": 0.5249999761581421,
          "game_2": 0.23749999701976776,
          "game_3": 0.2475000023841858,
          "game_4": 0.9900000095367432,
          "game_5": 0.2549999952316284,
          "game_6": 0.48249998688697815,
          "game_7": 0.35749998688697815,
          "game_8": 0.22750000655651093,
          "game_9": 0.9750000238418579
        },
        "per_game_wrong": {
          "game_0_wrong": 0.22499999403953552,
          "game_1_wrong": 0.5249999761581421,
          "game_2_wrong": 0.23749999701976776,
          "game_3_wrong": 0.2475000023841858,
          "game_4_wrong": 0.9900000095367432,
          "game_5_wrong": 0.2549999952316284,
          "game_6_wrong": 0.48249998688697815,
          "game_7_wrong": 0.35749998688697815,
          "game_8_wrong": 0.22750000655651093,
          "game_9_wrong": 0.9750000238418579
        }
      },
      "gated": {
        "params": 117063,
        "avg_correct": 0.460249999165535,
        "avg_wrong": 0.20550000141374766,
        "separation": 0.2547499977517873,
        "per_game": {
          "game_0": 0.2475000023841858,
          "game_1": 0.3174999952316284,
          "game_2": 0.32749998569488525,
          "game_3": 0.4050000011920929,
          "game_4": 0.9925000071525574,
          "game_5": 0.2874999940395355,
          "game_6": 0.3474999964237213,
          "game_7": 0.32749998569488525,
          "game_8": 0.3700000047683716,
          "game_9": 0.9800000190734863
        },
        "per_game_wrong": {
          "game_0_wrong": 0.2175000011920929,
          "game_1_wrong": 0.3725000023841858,
          "game_2_wrong": 0.33000001311302185,
          "game_3_wrong": 0.1274999976158142,
          "game_4_wrong": 0.007499999832361937,
          "game_5_wrong": 0.22750000655651093,
          "game_6_wrong": 0.24500000476837158,
          "game_7_wrong": 0.32499998807907104,
          "game_8_wrong": 0.1574999988079071,
          "game_9_wrong": 0.04500000178813934
        }
      }
    },
    "15_games": {
      "n_games": 15,
      "no_gate": {
        "params": 114503,
        "avg_correct": 0.4053333361943563,
        "avg_wrong": 0.4053333361943563,
        "separation": 0.0,
        "per_game": {
          "game_0": 0.23000000417232513,
          "game_1": 0.41499999165534973,
          "game_2": 0.20000000298023224,
          "game_3": 0.14499999582767487,
          "game_4": 0.9925000071525574,
          "game_5": 0.22499999403953552,
          "game_6": 0.39500001072883606,
          "game_7": 0.32499998807907104,
          "game_8": 0.1599999964237213,
          "game_9": 0.9800000190734863,
          "game_10": 0.24250000715255737,
          "game_11": 0.23999999463558197,
          "game_12": 0.39750000834465027,
          "game_13": 0.1574999988079071,
          "game_14": 0.9750000238418579
        },
        "per_game_wrong": {
          "game_0_wrong": 0.23000000417232513,
          "game_1_wrong": 0.41499999165534973,
          "game_2_wrong": 0.20000000298023224,
          "game_3_wrong": 0.14499999582767487,
          "game_4_wrong": 0.9925000071525574,
          "game_5_wrong": 0.22499999403953552,
          "game_6_wrong": 0.39500001072883606,
          "game_7_wrong": 0.32499998807907104,
          "game_8_wrong": 0.1599999964237213,
          "game_9_wrong": 0.9800000190734863,
          "game_10_wrong": 0.24250000715255737,
          "game_11_wrong": 0.23999999463558197,
          "game_12_wrong": 0.39750000834465027,
          "game_13_wrong": 0.1574999988079071,