{
  "experiment": "Phase 184: Proxy Confidence Sleep",
  "timestamp": "2026-04-22T13:38:02.729077",
  "summary": {
    "standard": {
      "pa": 0.5098773217201233,
      "em": 0.0,
      "time": 0.11930155754089355,
      "speedup": 1.0
    },
    "entropy_sleep": {
      "pa": 0.5325119655206799,
      "em": 0.0,
      "time": 0.25507569313049316,
      "speedup": 0.46771041206133485
    },
    "margin_0.5": {
      "pa": 0.3923801460303366,
      "em": 0.02,
      "time": 0.3076789379119873,
      "speedup": 0.38774691030368874,
      "sleep_ratio": 0.96022216796875
    },
    "margin_1.0": {
      "pa": 0.5202809243649245,
      "em": 0.0,
      "time": 0.2918074131011963,
      "speedup": 0.408836623693041,
      "sleep_ratio": 0.9367626953125
    },
    "margin_1.5": {
      "pa": 0.5311768333986402,
      "em": 0.0,
      "time": 0.29059934616088867,
      "speedup": 0.4105362214918506,
      "sleep_ratio": 0.90217041015625
    },
    "margin_2.0": {
      "pa": 0.5315930209681392,
      "em": 0.0,
      "time": 0.2896862030029297,
      "speedup": 0.4118303057038827,
      "sleep_ratio": 0.8578857421875
    },
    "margin_3.0": {
      "pa": 0.5304586249962449,
      "em": 0.0,
      "time": 0.289395809173584,
      "speedup": 0.412243556261503,
      "sleep_ratio": 0.75634033203125
    },
    "margin_5.0": {
      "pa": 0.5241295169666409,
      "em": 0.0,
      "time": 0.28733181953430176,
      "speedup": 0.41520482393580255,
      "sleep_ratio": 0.61132568359375
    }
  },
  "elapsed_seconds": 3.7269043922424316
}