{
  "standard": {
    "pa": 0.5166702628880739,
    "em": 0.0
  },
  "parallel": {
    "pa": 0.5740578775852918,
    "em": 0.0
  },
  "sequential": {
    "pa": 0.5915523616224527,
    "em": 0.04
  },
  "gated": {
    "pa": 0.6025986466556787,
    "em": 0.04
  },
  "elapsed": 223.73239612579346,
  "timestamp": "2026-04-22T19:36:00.069245"
}