{
  "results": {
    "baseline": {
      "pa": 0.5904904792457819,
      "em": 0.04
    },
    "MAE_mr30": {
      "pa": 0.5819891110807657,
      "em": 0.02
    },
    "MAE_mr50": {
      "pa": 0.5939187405258417,
      "em": 0.04
    }
  },
  "elapsed": 350.79380679130554,
  "timestamp": "2026-04-25T11:02:41.303884"
}