{
  "greedy": {
    "pa": 0.5471776689961553,
    "em": 0.0
  },
  "repair": {
    "10": {
      "pa": 0.5417821442335844,
      "em": 0.0
    },
    "30": {
      "pa": 0.4112570282071829,
      "em": 0.0
    },
    "50": {
      "pa": 0.07359987258911133,
      "em": 0.0
    }
  },
  "elapsed": 84.0215482711792,
  "timestamp": "2026-04-23T04:07:35.044247"
}