{
  "results": {
    "greedy": {
      "pa": 0.5884735802561045,
      "em": 0.04
    },
    "ttt_only": {
      "pa": 0.5884735802561045,
      "em": 0.04
    },
    "ttt+sample+sc": {
      "pa": 0.5881148497015238,
      "em": 0.04
    },
    "full_o1": {
      "pa": 0.5349967608600855,
      "em": 0.0
    }
  },
  "N": 20,
  "elapsed": 451.87405705451965,
  "timestamp": "2026-04-24T09:52:01.885704"
}