{
  "results": {
    "MoE_syn50K": {
      "pa": 0.5734028857946396,
      "em": 0.0,
      "params": 1313527,
      "n_syn": 50000
    },
    "MoE_syn100K": {
      "pa": 0.5476265546679496,
      "em": 0.0,
      "params": 1313527,
      "n_syn": 100000
    }
  },
  "elapsed": 4925.09862947464,
  "timestamp": "2026-04-25T07:49:48.149214"
}