{
  "experiment": "Phase 139: Liquid Spiking Neural Networks",
  "timestamp": "2026-04-19T09:05:34.800000",
  "results": {
    "ANN": {
      "final_accuracy": 0.9787,
      "best_accuracy": 0.9798,
      "n_params": 118282,
      "final_loss": 0.019692400266338925
    },
    "SNN": {
      "final_accuracy": 0.142,
      "best_accuracy": 0.2365,
      "n_params": 118282,
      "final_loss": 2.293692077909197
    },
    "LNN": {
      "final_accuracy": 0.9762,
      "best_accuracy": 0.979,
      "n_params": 118538,
      "final_loss": 0.02113941405551818
    },
    "LSNN": {
      "final_accuracy": 0.1135,
      "best_accuracy": 0.1154,
      "n_params": 118538,
      "final_loss": 2.3002920013500936
    }
  },
  "histories": {
    "ANN": {
      "accs": [
        0.9569,
        0.9645,
        0.9758,
        0.9731,
        0.9783,
        0.9762,
        0.9785,
        0.9798,
        0.9735,
        0.9787
      ],
      "losses": [
        0.29757267287545114,
        0.11921229315941521,
        0.08243083112688461,
        0.06151335681877983,
        0.04699217128718316,
        0.03923713976789369,
        0.03182097877075932,
        0.02684794645632373,
        0.022258971096587372,
        0.019692400266338925
      ]
    },
    "SNN": {
      "accs": [
        0.2365,
        0.1981,
        0.1902,
        0.1436,
        0.1341,
        0.1369,
        0.1488,
        0.1243,
        0.1329,
        0.142
      ],
      "losses": [
        2.2476933566746173,
        2.249047660624295,
        2.278242596176896,
        2.278997300276116,
        2.2724333266967904,
        2.2899160410549593,
        2.2908229294107922,
        2.289167685803574,
        2.289145460006779,
        2.293692077909197
      ]
    },
    "LNN": {
      "accs": [
        0.952,
        0.9625,
        0.9707,
        0.9705,
        0.9759,
        0.9778,
        0.9754,
        0.9725,
        0.979,
        0.9762
      ],
      "losses": [
        0.3039502548907739,
        0.1258536286310537,
        0.08911447236135697,
        0.06666915521009771,
        0.05272623740716466,
        0.04160202810538809,
        0.034536683615217646,
        0.029518792701851346,
        0.028939456077985592,
        0.02113941405551818
      ]
    },
    "LSNN": {
      "accs": [
        0.1152,
        0.1135,
        0.1135,
        0.1135,
        0.1135,
        0.1154,
        0.1139,
        0.1133,
        0.1135,
        0.1135
      ],
      "losses": [
        2.3020186149743576,
        2.3014671807604303,
        2.3025706266797683,
        2.3028735407888252,
        2.3016200085947,
        2.2998934025957642,
        2.3008716980785704,
        2.300635843134638,
        2.301347648665341,
        2.3002920013500936
      ]
    }
  },
  "lsnn_tau": {
    "layer1": {
      "mean": 2.013456344604492,
      "std": 0.05695710703730583
    },
    "layer2": {
      "mean": 2.011451482772827,
      "std": 0.03962906077504158
    }
  },
  "elapsed_seconds": 524.5954830646515
}