{
  "N": 100,
  "results": {
    "greedy": {
      "pa": 0.5936557362228632,
      "em": 0.04
    },
    "oracle": {
      "pa": 0.6377929277718067,
      "em": 0.04
    },
    "causal": {
      "pa": 0.5727977787703276,
      "em": 0.0
    },
    "margin": {
      "pa": 0.5763905020058155,
      "em": 0.02
    }
  },
  "vgap_causal": 6.499514900147915,
  "elapsed": 707.1659054756165,
  "timestamp": "2026-04-24T10:19:22.699795"
}