{
  "experiment": "Phase 175: Metabolic Sleep",
  "timestamp": "2026-04-21T01:47:52.072498",
  "results": {
    "standard": {
      "pa": 0.4953043124079704,
      "em": 0.02,
      "flops_saved": 0.0
    },
    "sleep_0.1": {
      "pa": 0.4954045630339533,
      "em": 0.02,
      "flops_saved": 0.5469775390625,
      "threshold": 0.1,
      "avg_entropy_trajectory": [
        0.994861353635788,
        0.5065089327096939,
        0.3210850477218628,
        0.2516983571648598,
        0.21929366171360015,
        0.19878423795104028,
        0.18374732598662377,
        0.17187766164541243
      ],
      "avg_active_trajectory": [
        1.0,
        1.0,
        0.62509765625,
        0.3137109375,
        0.2182421875,
        0.181171875,
        0.1494921875,
        0.13646484375
      ]
    },
    "sleep_0.3": {
      "pa": 0.4976267857197672,
      "em": 0.02,
      "flops_saved": 0.71216552734375,
      "threshold": 0.3,
      "avg_entropy_trajectory": [
        0.994861353635788,
        0.5065089327096939,
        0.4010332587361336,
        0.35939893692731856,
        0.33499121338129045,
        0.3171762791275978,
        0.30311598360538483,
        0.292153083384037
      ],
      "avg_active_trajectory": [
        1.0,
        0.4562109375,
        0.23658203125,
        0.1582421875,
        0.135546875,
        0.12326171875,
        0.1025390625,
        0.09029296875
      ]
    },
    "sleep_0.5": {
      "pa": 0.49368827123660597,
      "em": 0.02,
      "flops_saved": 0.76902587890625,
      "threshold": 0.5,
      "avg_entropy_trajectory": [
        0.994861353635788,
        0.5063342624902725,
        0.4418268740177155,
        0.4133909919857979,
        0.3934017482399941,
        0.37944130957126615,
        0.3694871357083321,
        0.3612700203061104
      ],
      "avg_active_trajectory": [
        0.9990234375,
        0.25705078125,
        0.14359375,
        0.1219140625,
        0.10412109375,
        0.084453125,
        0.072890625,
        0.06474609375
      ]
    },
    "sleep_0.8": {
      "pa": 0.4951477834582329,
      "em": 0.02,
      "flops_saved": 0.8197998046875,
      "threshold": 0.8,
      "avg_entropy_trajectory": [
        0.994861353635788,
        0.7185256469249726,
        0.6574557507038117,
        0.6114365392923355,
        0.5769794028997421,
        0.5505424559116363,
        0.5286013269424439,
        0.5097446644306183
      ],
      "avg_active_trajectory": [
        0.58390625,
        0.20328125,
        0.165390625,
        0.13638671875,
        0.11,
        0.0926171875,
        0.08048828125,
        0.06953125
      ]
    },
    "sleep_1.0": {
      "pa": 0.49481831073760985,
      "em": 0.02,
      "flops_saved": 0.8889599609375,
      "threshold": 1.0,
      "avg_entropy_trajectory": [
        0.994861353635788,
        0.8752996492385864,
        0.8365345191955567,
        0.8090866029262542,
        0.7926118314266205,
        0.7803443133831024,
        0.7697102189064026,
        0.760459246635437
      ],
      "avg_active_trajectory": [
        0.29607421875,
        0.14880859375,
        0.11955078125,
        0.0885546875,
        0.07138671875,
        0.06197265625,
        0.05443359375,
        0.0475390625
      ]
    },
    "sleep_1.5": {
      "pa": 0.4853165303170681,
      "em": 0.02,
      "flops_saved": 0.943916015625,
      "threshold": 1.5,
      "avg_entropy_trajectory": [
        0.994861353635788,
        0.9662897956371307,
        0.9438909792900085,
        0.9351359832286835,
        0.9299603509902954,
        0.925827966928482,
        0.922257878780365,
        0.9193232274055481
      ],
      "avg_active_trajectory": [
        0.12783203125,
        0.0991796875,
        0.0600390625,
        0.04494140625,
        0.03701171875,
        0.031640625,
        0.02666015625,
        0.0213671875
      ]
    }
  },
  "best_threshold": 0.3,
  "improvement_pp": 0.23224733117968022,
  "elapsed_seconds": 10.676556825637817
}