{
  "experiment": "Phase 194: Sequential Dual-Process",
  "timestamp": "2026-04-22T19:08:18.741517",
  "standard": 0.5136364673823118,
  "parallel": 0.5965266684442758,
  "sequential": 0.5756043384224176,
  "elapsed_seconds": 143.12669968605042
}