{
  "experiment": "Phase 187: Target-to-Action Compiler",
  "timestamp": "2026-04-22T14:03:22.329269",
  "pa": 0.5089482245468278,
  "em": 0.0,
  "avg_actions": 4.38,
  "action_precision": 0.10502283105022832,
  "elapsed_seconds": 2.156582832336426
}