{
  "experiment": "Phase 182: Island Model Swarm",
  "timestamp": "2026-04-22T13:35:34.922137",
  "summary": {
    "single_best1": {
      "pa": 0.5128056788351387,
      "em": 0.0
    },
    "island_3_vote": {
      "pa": 0.5176879368722439,
      "em": 0.0
    },
    "island_3_best": {
      "pa": 0.5092434918507933,
      "em": 0.0
    },
    "island_5_vote": {
      "pa": 0.5088025198318065,
      "em": 0.0
    },
    "island_5_best": {
      "pa": 0.508354603825137,
      "em": 0.0
    },
    "island_7_vote": {
      "pa": 0.5088650197722018,
      "em": 0.0
    },
    "island_7_best": {
      "pa": 0.5311948820017278,
      "em": 0.0
    },
    "island_9_vote": {
      "pa": 0.5093650192953646,
      "em": 0.0
    },
    "island_9_best": {
      "pa": 0.5181914106477052,
      "em": 0.0
    }
  },
  "improvement_pp": 0.48822580371051805,
  "elapsed_seconds": 1578.7940425872803
}