{
  "results": {
    "nca_only": {
      "pa": 0.5836226081716286,
      "em": 0.04
    },
    "dsl_nca_guided": {
      "pa": 0.9998,
      "em": 0.04
    },
    "dsl_oracle": {
      "pa": 0.7517226120433181,
      "em": 0.04
    },
    "improved": 48,
    "degraded": 0
  },
  "elapsed": 100.53651237487793,
  "timestamp": "2026-04-25T09:17:06.565989"
}