{
  "results": {
    "baseline": {
      "pa": 0.5890561429411173,
      "em": 0.04
    },
    "DSL_CT_10K": {
      "pa": 0.5915566412359476,
      "em": 0.0
    },
    "DSL_CT_50K": {
      "pa": 0.588236712962389,
      "em": 0.04
    }
  },
  "elapsed": 1114.745385169983,
  "timestamp": "2026-04-25T10:48:34.400086"
}