{
  "experiment": "Phase 130: VQ-Temporal NBS",
  "timestamp": "2026-04-19T03:50:48.978769",
  "results": {
    "baseline": {
      "pixel": 0.6052734375,
      "exact": 2,
      "total": 160
    },
    "G=0.1_K=11": {
      "pixel": 0.60537109375,
      "exact": 3,
      "total": 160,
      "gumbel": 0.1,
      "K": 11
    },
    "G=0.1_K=21": {
      "pixel": 0.6044921875,
      "exact": 3,
      "total": 160,
      "gumbel": 0.1,
      "K": 21
    },
    "G=0.1_K=51": {
      "pixel": 0.60625,
      "exact": 3,
      "total": 160,
      "gumbel": 0.1,
      "K": 51
    },
    "G=0.3_K=11": {
      "pixel": 0.607421875,
      "exact": 3,
      "total": 160,
      "gumbel": 0.3,
      "K": 11
    },
    "G=0.3_K=21": {
      "pixel": 0.60791015625,
      "exact": 3,
      "total": 160,
      "gumbel": 0.3,
      "K": 21
    },
    "G=0.3_K=51": {
      "pixel": 0.60693359375,
      "exact": 3,
      "total": 160,
      "gumbel": 0.3,
      "K": 51
    },
    "G=0.5_K=11": {
      "pixel": 0.6037109375,
      "exact": 3,
      "total": 160,
      "gumbel": 0.5,
      "K": 11
    },
    "G=0.5_K=21": {
      "pixel": 0.60654296875,
      "exact": 3,
      "total": 160,
      "gumbel": 0.5,
      "K": 21
    },
    "G=0.5_K=51": {
      "pixel": 0.607421875,
      "exact": 3,
      "total": 160,
      "gumbel": 0.5,
      "K": 51
    },
    "G=1.0_K=11": {
      "pixel": 0.603515625,
      "exact": 4,
      "total": 160,
      "gumbel": 1.0,
      "K": 11
    },
    "G=1.0_K=21": {
      "pixel": 0.6041015625,
      "exact": 4,
      "total": 160,
      "gumbel": 1.0,
      "K": 21
    },
    "G=1.0_K=51": {
      "pixel": 0.60458984375,
      "exact": 4,
      "total": 160,
      "gumbel": 1.0,
      "K": 51
    },
    "G=2.0_K=11": {
      "pixel": 0.590234375,
      "exact": 4,
      "total": 160,
      "gumbel": 2.0,
      "K": 11
    },
    "G=2.0_K=21": {
      "pixel": 0.58798828125,
      "exact": 5,
      "total": 160,
      "gumbel": 2.0,
      "K": 21
    },
    "G=2.0_K=51": {
      "pixel": 0.588671875,
      "exact": 4,
      "total": 160,
      "gumbel": 2.0,
      "K": 51
    }
  }
}