{
  "experiment": "Phase 47: Temporal Architecture Latency Benchmark",
  "timestamp": "2026-04-11T11:34:42.230850",
  "results": {
    "Repeat-2-ago": {
      "CNN": {
        "n_params": 6788,
        "accuracy": 1.0,
        "latency": {
          "mean_ms": 0.051914199837483466,
          "median_ms": 0.05129998316988349,
          "p95_ms": 0.057430000742897364,
          "p99_ms": 0.10641102417139335,
          "min_ms": 0.03519997699186206
        },
        "under_0_5ms": true
      },
      "GRU": {
        "n_params": 19844,
        "accuracy": 1.0,
        "latency": {
          "mean_ms": 0.31149500008905306,
          "median_ms": 0.24994999694172293,
          "p95_ms": 0.5086600009235552,
          "p99_ms": 0.7417890016222372,
          "min_ms": 0.15050001093186438,
          "step_mean_ms": 0.08301459994981997,
          "step_p95_ms": 0.1144299982115626
        },
        "under_0_5ms": false
      },
      "Transformer": {
        "n_params": 70212,
        "accuracy": 1.0,
        "latency": {
          "mean_ms": 0.49456869935966097,
          "median_ms": 0.4434000002220273,
          "p95_ms": 0.9947949787601827,
          "p99_ms": 1.7170469989650874,
          "min_ms": 0.2406999992672354
        },
        "under_0_5ms": false
      }
    },
    "Alternate": {
      "CNN": {
        "n_params": 6788,
        "accuracy": 0.49399998784065247,
        "latency": {
          "mean_ms": 0.03671740004210733,
          "median_ms": 0.0315000070258975,
          "p95_ms": 0.05709999823011458,
          "p99_ms": 0.08861800510203464,
          "min_ms": 0.02160001895390451
        },
        "under_0_5ms": true
      },
      "GRU": {
        "n_params": 19844,
        "accuracy": 0.48633334040641785,
        "latency": {
          "mean_ms": 0.3584471999492962,
          "median_ms": 0.34830000367946923,
          "p95_ms": 0.5564249877352266,
          "p99_ms": 0.8776780130574473,
          "min_ms": 0.1498999772593379,
          "step_mean_ms": 0.06277180000324734,
          "step_p95_ms": 0.0853099816595204
        },
        "under_0_5ms": false
      },
      "Transformer": {
        "n_params": 70212,
        "accuracy": 0.5103333592414856,
        "latency": {
          "mean_ms": 0.6140677992370911,
          "median_ms": 0.5064499855507165,
          "p95_ms": 1.205679983831942,
          "p99_ms": 1.7620369928772552,
          "min_ms": 0.2570000069681555
        },
        "under_0_5ms": false
      }
    },
    "Cycle-4": {
      "CNN": {
        "n_params": 6788,
        "accuracy": 0.2800000011920929,
        "latency": {
          "mean_ms": 0.04807830031495541,
          "median_ms": 0.04859999171458185,
          "p95_ms": 0.05540501442737877,
          "p99_ms": 0.13721199531573783,
          "min_ms": 0.03159997868351638
        },
        "under_0_5ms": true
      },
      "GRU": {
        "n_params": 19844,
        "accuracy": 0.2513333261013031,
        "latency": {
          "mean_ms": 0.3337720999843441,
          "median_ms": 0.3412999940337613,
          "p95_ms": 0.5741499757277777,
          "p99_ms": 0.906716005410999,
          "min_ms": 0.15079998411238194,
          "step_mean_ms": 0.08563149996916763,
          "step_p95_ms": 0.13742502342211063
        },
        "under_0_5ms": false
      },
      "Transformer": {
        "n_params": 70212,
        "accuracy": 0.27266666293144226,
        "latency": {
          "mean_ms": 0.6828531998035032,
          "median_ms": 0.6052999960957095,
          "p95_ms": 1.3284549830132157,
          "p99_ms": 1.9117350017768326,
          "min_ms": 0.25949999690055847
        },
        "under_0_5ms": false
      }
    },
    "Opposite-last": {
      "CNN": {
        "n_params": 6788,
        "accuracy": 0.5109999775886536,
        "latency": {
          "mean_ms": 0.04811349976807833,
          "median_ms": 0.04849999095313251,
          "p95_ms": 0.05361000075936317,
          "p99_ms": 0.0976569866179488,
          "min_ms": 0.021800020476803184
        },
        "under_0_5ms": true
      },
      "GRU": {
        "n_params": 19844,
        "accuracy": 0.5016666650772095,
        "latency": {
          "mean_ms": 0.3577153993246611,
          "median_ms": 0.3464000183157623,
          "p95_ms": 0.6717449912684968,
          "p99_ms": 1.1231529945507643,
          "min_ms": 0.14940000255592167,
          "step_mean_ms": 0.05072369991103187,
          "step_p95_ms": 0.053499999921768904
        },
        "under_0_5ms": false
      },
      "Transformer": {
        "n_params": 70212,
        "accuracy": 0.5019999742507935,
        "latency": {
          "mean_ms": 0.5638599001686089,
          "median_ms": 0.5077499954495579,
          "p95_ms": 0.9516149992123245,
          "p99_ms": 1.344599993317388,
          "min_ms": 0.3260000084992498
        },
        "under_0_5ms": false
      }
    }
  }
}