{
  "experiment": "Phase 143: The Intrinsic Hourglass",
  "timestamp": "2026-04-19T09:49:25.720123",
  "train_steps": 8,
  "results": {
    "Baseline NCA": {
      "accuracy": 0.1135,
      "params": 19274
    },
    "External Clock": {
      "accuracy": 0.1009,
      "params": 19562
    },
    "Hourglass NCA": {
      "accuracy": 0.0958,
      "params": 20460
    }
  },
  "temporal_results": {
    "Baseline NCA": {
      "1": 0.1032,
      "2": 0.1032,
      "4": 0.1184,
      "8": 0.1135,
      "12": 0.1032,
      "16": 0.1032,
      "24": 0.1135,
      "32": 0.1135,
      "48": 0.0982,
      "64": 0.0982
    },
    "External Clock": {
      "1": 0.0982,
      "2": 0.0982,
      "4": 0.0982,
      "8": 0.1009,
      "12": 0.0979,
      "16": 0.1009,
      "24": 0.1009,
      "32": 0.1009,
      "48": 0.0982,
      "64": 0.0982
    },
    "Hourglass NCA": {
      "1": 0.0956,
      "2": 0.0958,
      "4": 0.0957,
      "8": 0.0958,
      "12": 0.0996,
      "16": 0.0918,
      "24": 0.101,
      "32": 0.101,
      "48": 0.101,
      "64": 0.101
    }
  },
  "clock_trajectory": [
    0.5881315469741821,
    0.2531435489654541,
    0.10464411228895187,
    0.08955588191747665,
    0.08996743708848953,
    0.10959362238645554,
    0.16109596192836761,
    0.27548131346702576
  ],
  "elapsed_seconds": 430.9030861854553
}