{
  "M": 5,
  "N": 20,
  "results": {
    "greedy": {
      "pa": 0.5833338318020105,
      "em": 0.0
    },
    "oracle": {
      "pa": 0.6553354662656784,
      "em": 0.04
    },
    "self_consistency": {
      "pa": 0.6047937402874232,
      "em": 0.04
    },
    "margin": {
      "pa": 0.5866985026746988,
      "em": 0.0
    },
    "pixel_vote": {
      "pa": 0.5931254980713129,
      "em": 0.04
    }
  },
  "avg_unique_images": 57.66,
  "avg_max_cluster": 36.56,
  "elapsed": 92.93916344642639,
  "timestamp": "2026-04-23T03:35:35.191982"
}