{
  "results": {
    "baseline": {
      "pa": 0.5926557359844447,
      "em": 0.04
    },
    "unca64": {
      "pa": 0.5569778130203485,
      "em": 0.0
    },
    "unca96": {
      "pa": 0.5932445792108774,
      "em": 0.04
    }
  },
  "elapsed": 494.5103106498718,
  "timestamp": "2026-04-25T10:56:50.105403"
}