{
  "experiment": "Phase 183: Surface Tension TTCT",
  "timestamp": "2026-04-22T13:37:58.539743",
  "summary": {
    "standard": {
      "pa": 0.5117747414391488,
      "em": 0.0
    },
    "tv_0.01": {
      "pa": 0.509246963635087,
      "em": 0.0
    },
    "tv_0.05": {
      "pa": 0.5052747412584722,
      "em": 0.0
    },
    "tv_0.1": {
      "pa": 0.504774741269648,
      "em": 0.0
    },
    "tv_0.2": {
      "pa": 0.504774741269648,
      "em": 0.0
    },
    "tv_0.5": {
      "pa": 0.504774741269648,
      "em": 0.0
    },
    "tv_1.0": {
      "pa": 0.504774741269648,
      "em": 0.0
    }
  },
  "improvement_pp": -0.25277778040617704,
  "elapsed_seconds": 142.8923900127411
}