{
  "experiment": "Phase 163: Evolutionary NCA",
  "timestamp": "2026-04-20T13:08:21.996358",
  "ga_and_accuracy": 1.0,
  "bp_and_accuracy": 0.0,
  "case_accuracy": {
    "(0, 0)": 1.0,
    "(1, 0)": 1.0,
    "(0, 1)": 1.0,
    "(1, 1)": 1.0
  },
  "fitness_history": [
    15.0,
    15.0,
    15.0,
    15.0,
    25.017793774604797,
    25.017793774604797,
    30.0,
    30.0,
    30.0,
    30.0,
    40.0,
    40.0,
    40.0,
    40.0,
    40.0,
    40.0,
    40.0,
    45.0,
    45.0,
    45.0,
    45.0,
    45.0,
    45.0,
    45.0,
    45.0,
    45.0,
    45.0,
    45.0,
    45.0,
    45.0,
    45.0,
    45.0,
    45.0,
    45.0,
    45.0,
    45.0,
    45.0,
    45.0,
    45.0,
    45.0,
    45.0,
    45.0,
    45.0,
    45.0,
    45.0,
    45.0,
    45.0,
    45.0,
    45.0,
    45.0
  ],
  "avg_fitness_history": [
    15.0,
    14.492495020230612,
    14.189198384682337,
    14.341491927703222,
    14.623197923103968,
    14.33740876118342,
    15.088111688693365,
    14.75029656291008,
    14.541963736216227,
    13.916963736216227,
    16.125112970670063,
    16.0,
    15.666666666666666,
    16.833333333333332,
    16.25,
    15.458333333333334,
    16.583333333333332,
    16.083333333333332,
    15.833333333333334,
    15.625,
    16.541666666666668,
    16.5,
    15.583333333333334,
    15.625,
    16.25,
    15.625,
    15.416666666666666,
    15.875,
    15.958333333333334,
    16.666666666666668,
    16.791666666666668,
    16.041666666666668,
    17.041666666666668,
    16.875,
    16.0,
    16.041666666666668,
    14.25,
    16.208333333333332,
    16.875,
    17.583333333333332,
    16.75,
    16.583333333333332,
    16.25,
    16.541666666666668,
    15.416666666666666,
    15.375,
    16.25,
    16.625,
    16.583333333333332,
    16.166666666666668
  ],
  "and_acc_history": [
    1.0,
    1.0,
    1.0,
    1.0,
    1.0,
    1.0,
    1.0,
    1.0,
    1.0,
    1.0,
    1.0,
    1.0,
    1.0,
    1.0,
    1.0,
    1.0,
    1.0,
    1.0,
    1.0,
    1.0,
    1.0,
    1.0,
    1.0,
    1.0,
    1.0,
    1.0,
    1.0,
    1.0,
    1.0,
    1.0,
    1.0,
    1.0,
    1.0,
    1.0,
    1.0,
    1.0,
    1.0,
    1.0,
    1.0,
    1.0,
    1.0,
    1.0,
    1.0,
    1.0,
    1.0,
    1.0,
    1.0,
    1.0,
    1.0,
    1.0
  ],
  "evolution_wins": true,
  "elapsed_seconds": 172.60641360282898
}