{
  "experiment": "Phase 120: Latent-NCA",
  "timestamp": "2026-04-18T12:59:04.969507",
  "results": {
    "flood_fill": {
      "pixel_T1": 0.9449117469787598,
      "pixel_T3": 0.9509476041793823,
      "pixel_T5": 0.837221028804779,
      "pixel_T10": 0.5897934246063232,
      "pixel_T15": 0.5527489733695984,
      "pixel_T20": 0.5740281200408935,
      "pixel_T30": 0.6350377154350281,
      "pixel_T50": 0.6854072189331055,
      "latent_T1": 0.9411574172973632,
      "latent_T3": 0.9533392739295959,
      "latent_T5": 0.9585221004486084,
      "latent_T10": 0.8293911814689636,
      "latent_T15": 0.3160471725463867,
      "latent_T20": 0.027567415833473205,
      "latent_T30": 0.07177286326885224,
      "latent_T50": 0.3859516382217407,
      "latent_SL_T20_m1.5_s2.0": 0.4129727840423584,
      "latent_SL_T20_m1.5_s5.0": 0.6127218317985534,
      "latent_SL_T20_m2.0_s2.0": 0.3436912107467651,
      "latent_SL_T20_m2.0_s5.0": 0.5211952567100525,
      "latent_SL_T20_m3.0_s2.0": 0.3080308389663696,
      "latent_SL_T20_m3.0_s5.0": 0.48896843910217286,
      "latent_SL_T30_m1.5_s2.0": 0.14298347771167755,
      "latent_SL_T30_m1.5_s5.0": 0.5131617403030395,
      "latent_SL_T30_m2.0_s2.0": 0.10536536276340484,
      "latent_SL_T30_m2.0_s5.0": 0.4523213267326355,
      "latent_SL_T30_m3.0_s2.0": 0.0872006219625473,
      "latent_SL_T30_m3.0_s5.0": 0.4124941968917847,
      "latent_SL_T50_m1.5_s2.0": 0.09078564912080765,
      "latent_SL_T50_m1.5_s5.0": 0.417297203540802,
      "latent_SL_T50_m2.0_s2.0": 0.11374192386865616,
      "latent_SL_T50_m2.0_s5.0": 0.3694645750522614,
      "latent_SL_T50_m3.0_s2.0": 0.13036437302827836,
      "latent_SL_T50_m3.0_s5.0": 0.336148145198822
    },
    "long_move": {
      "pixel_T1": 0.9625,
      "pixel_T3": 1.0,
      "pixel_T5": 1.0,
      "pixel_T10": 1.0,
      "pixel_T15": 0.9125,
      "pixel_T20": 0.0,
      "pixel_T30": 0.0,
      "pixel_T50": 0.0,
      "latent_T1": 0.25,
      "latent_T3": 1.0,
      "latent_T5": 1.0,
      "latent_T10": 0.5975,
      "latent_T15": 0.0,
      "latent_T20": 0.0,
      "latent_T30": 0.0,
      "latent_T50": 0.0,
      "latent_SL_T20_m1.5_s2.0": 0.0,
      "latent_SL_T20_m1.5_s5.0": 0.0,
      "latent_SL_T20_m2.0_s2.0": 0.0,
      "latent_SL_T20_m2.0_s5.0": 0.0,
      "latent_SL_T20_m3.0_s2.0": 0.0,
      "latent_SL_T20_m3.0_s5.0": 0.0,
      "latent_SL_T30_m1.5_s2.0": 0.0,
      "latent_SL_T30_m1.5_s5.0": 0.0,
      "latent_SL_T30_m2.0_s2.0": 0.0,
      "latent_SL_T30_m2.0_s5.0": 0.0,
      "latent_SL_T30_m3.0_s2.0": 0.0,
      "latent_SL_T30_m3.0_s5.0": 0.0,
      "latent_SL_T50_m1.5_s2.0": 0.0,
      "latent_SL_T50_m1.5_s5.0": 0.0,
      "latent_SL_T50_m2.0_s2.0": 0.0,
      "latent_SL_T50_m2.0_s5.0": 0.0,
      "latent_SL_T50_m3.0_s2.0": 0.0,
      "latent_SL_T50_m3.0_s5.0": 0.0
    },
    "size_change": {
      "latent_iou": 0.948540984839201
    }
  }
}