{
  "experiment": "Phase 38a: Capacity Scaling",
  "timestamp": "2026-04-10T12:49:01.411621",
  "baselines": {
    "A": 0.7174999713897705,
    "B": 0.8100000023841858
  },
  "results": {
    "Tiny (~0.5K)": {
      "no_gate": {
        "params": 923,
        "acc_a": 0.33000001311302185,
        "acc_b": 0.5924999713897705,
        "acc_a_wrong": 0.33000001311302185,
        "acc_b_wrong": 0.5924999713897705,
        "avg": 0.4612499922513962,
        "separation": 0.0
      },
      "gated": {
        "params": 955,
        "acc_a": 0.3449999988079071,
        "acc_b": 0.4925000071525574,
        "acc_a_wrong": 0.3050000071525574,
        "acc_b_wrong": 0.4650000035762787,
        "avg": 0.41875000298023224,
        "separation": 0.03374999761581421
      }
    },
    "Small (~2.7K)": {
      "no_gate": {
        "params": 2671,
        "acc_a": 0.3799999952316284,
        "acc_b": 0.7300000190734863,
        "acc_a_wrong": 0.3799999952316284,
        "acc_b_wrong": 0.7300000190734863,
        "avg": 0.5550000071525574,
        "separation": 0.0
      },
      "gated": {
        "params": 2735,
        "acc_a": 0.33250001072883606,
        "acc_b": 0.6825000047683716,
        "acc_a_wrong": 0.3174999952316284,
        "acc_b_wrong": 0.3050000071525574,
        "avg": 0.5075000077486038,
        "separation": 0.19625000655651093
      }
    },
    "Medium (~10K)": {
      "no_gate": {
        "params": 8663,
        "acc_a": 0.41499999165534973,
        "acc_b": 0.7400000095367432,
        "acc_a_wrong": 0.41499999165534973,
        "acc_b_wrong": 0.7400000095367432,
        "avg": 0.5775000005960464,
        "separation": 0.0
      },
      "gated": {
        "params": 8791,
        "acc_a": 0.35749998688697815,
        "acc_b": 0.737500011920929,
        "acc_a_wrong": 0.3174999952316284,
        "acc_b_wrong": 0.512499988079071,
        "avg": 0.5474999994039536,
        "separation": 0.13250000774860382
      }
    },
    "Large (~60K)": {
      "no_gate": {
        "params": 30631,
        "acc_a": 0.4749999940395355,
        "acc_b": 0.925000011920929,
        "acc_a_wrong": 0.4749999940395355,
        "acc_b_wrong": 0.925000011920929,
        "avg": 0.7000000029802322,
        "separation": 0.0
      },
      "gated": {
        "params": 30887,
        "acc_a": 0.35249999165534973,
        "acc_b": 0.8324999809265137,
        "acc_a_wrong": 0.3174999952316284,
        "acc_b_wrong": 0.5450000166893005,
        "avg": 0.5924999862909317,
        "separation": 0.16124998033046722
      }
    },
    "XLarge (~240K)": {
      "no_gate": {
        "params": 114503,
        "acc_a": 0.39250001311302185,
        "acc_b": 0.8575000166893005,
        "acc_a_wrong": 0.39250001311302185,
        "acc_b_wrong": 0.8575000166893005,
        "avg": 0.6250000149011612,
        "separation": 0.0
      },
      "gated": {
        "params": 115015,
        "acc_a": 0.45249998569488525,
        "acc_b": 0.9599999785423279,
        "acc_a_wrong": 0.3174999952316284,
        "acc_b_wrong": 0.6200000047683716,
        "avg": 0.7062499821186066,
        "separation": 0.23749998211860657
      }
    }
  }
}