{
  "experiment": "Phase 189: Space-Time Memory Law",
  "timestamp": "2026-04-22T17:58:17.838485",
  "results": {
    "16": {
      "params": 9130,
      "capacities": {
        "1": 13,
        "2": 8,
        "3": 6,
        "5": 2,
        "8": 3,
        "12": 0,
        "20": 0
      }
    },
    "32": {
      "params": 33098,
      "capacities": {
        "1": 26,
        "2": 25,
        "3": 24,
        "5": 22,
        "8": 18,
        "12": 4,
        "20": 1
      }
    },
    "64": {
      "params": 125578,
      "capacities": {
        "1": 36,
        "2": 53,
        "3": 73,
        "5": 150,
        "8": 103,
        "12": 73,
        "20": 36
      }
    }
  },
  "elapsed_seconds": 671.5204129219055
}