{
  "greedy": {
    "pa": 0.5471776689961553,
    "em": 0.0
  },
  "repair": {
    "10": {
      "pa": 0.536811627484858,
      "em": 0.0
    },
    "30": {
      "pa": 0.47850246280431746,
      "em": 0.0
    },
    "50": {
      "pa": 0.359986247420311,
      "em": 0.0
    },
    "100": {
      "pa": 0.2961886091157794,
      "em": 0.0
    }
  },
  "elapsed": 147.55024313926697,
  "timestamp": "2026-04-23T04:06:06.700607"
}