{
  "standard": 0.5064293282479048,
  "v23_gated": 0.5640015820413828,
  "elapsed": 142.63107681274414,
  "timestamp": "2026-04-22T20:00:00.106441"
}