{
  "base": {
    "pa": 0.5964656541496516,
    "em": 0.04
  },
  "ce_tto": {
    "10": {
      "pa": 0.5960437402874231,
      "em": 0.0
    },
    "30": {
      "pa": 0.5547745751589537,
      "em": 0.0
    },
    "50": {
      "pa": 0.519471632912755,
      "em": 0.0
    }
  },
  "full_tto": {
    "10": {
      "pa": 0.5960437402874231,
      "em": 0.0
    },
    "30": {
      "pa": 0.555469019934535,
      "em": 0.0
    },
    "50": {
      "pa": 0.5270951075106859,
      "em": 0.0
    }
  },
  "elapsed": 1120.9849112033844,
  "timestamp": "2026-04-24T10:38:07.841806"
}