{
  "results": {
    "baseline": {
      "pa": 0.5866029248386622,
      "em": 0.04
    },
    "syn_1000": {
      "pa": 0.5772083566337823,
      "em": 0.0
    },
    "syn_5000": {
      "pa": 0.5710150388628245,
      "em": 0.0
    },
    "syn_10000": {
      "pa": 0.6024858594685792,
      "em": 0.02
    }
  },
  "elapsed": 407.14255952835083,
  "timestamp": "2026-04-24T11:06:38.167688"
}