{
  "results": {
    "base64": {
      "pa": 0.5852958134561778,
      "em": 0.04,
      "params": 166679
    },
    "dw192": {
      "pa": 0.5607736628502608,
      "em": 0.0
    },
    "dw192_ct": {
      "pa": 0.5973896975815296,
      "em": 0.0
    },
    "dw128_ct": {
      "pa": 0.5902220502495765,
      "em": 0.0
    }
  },
  "elapsed": 1170.5455179214478,
  "timestamp": "2026-04-25T09:15:25.038347"
}