{
  "results": {
    "nca_only": {
      "pa": 0.5891302019894539,
      "em": 0.04
    },
    "guided": {
      "gt_pa": 0.590230201989454,
      "gt_em": 0.04,
      "nca_match": 0.9989
    }
  },
  "elapsed": 77.7174642086029,
  "timestamp": "2026-04-25T09:53:27.874651"
}