{
  "experiment": "Phase 98",
  "timestamp": "2026-04-17T01:34:39.459804",
  "results": {
    "color_invert+gravity": {
      "no_ttt": {
        "pixel": 1.0,
        "exact": 1.0
      },
      "joint_ttt": {
        "pixel": 0.999218761920929,
        "exact": 0.949999988079071
      }
    },
    "gravity+color_invert": {
      "no_ttt": {
        "pixel": 0.9996874928474426,
        "exact": 0.9800000190734863
      },
      "joint_ttt": {
        "pixel": 0.9659374952316284,
        "exact": 0.20000000298023224
      }
    },
    "color_invert+move_right": {
      "no_ttt": {
        "pixel": 0.9954687356948853,
        "exact": 0.7300000190734863
      },
      "joint_ttt": {
        "pixel": 0.9850000143051147,
        "exact": 0.30000001192092896
      }
    }
  }
}