{
  "experiment": "Phase 179: Frozen Metabolism",
  "timestamp": "2026-04-22T12:51:50.199962",
  "summary": {
    "standard": {
      "pa": 0.5098773217201233,
      "em": 0.0,
      "total_time": 0.237107515335083
    },
    "entropy_sleep": {
      "pa": 0.5325119655206799,
      "em": 0.0,
      "total_time": 0.5052700042724609
    },
    "frozen_0.001": {
      "pa": 0.5098773217201233,
      "em": 0.0,
      "total_time": 0.3667588233947754,
      "frozen_ratio": 0.0
    },
    "frozen_0.005": {
      "pa": 0.5098773217201233,
      "em": 0.0,
      "total_time": 0.38271188735961914,
      "frozen_ratio": 0.0
    },
    "frozen_0.01": {
      "pa": 0.5098773217201233,
      "em": 0.0,
      "total_time": 0.4068737030029297,
      "frozen_ratio": 0.0
    },
    "frozen_0.02": {
      "pa": 0.5098773217201233,
      "em": 0.0,
      "total_time": 0.38835978507995605,
      "frozen_ratio": 0.0
    },
    "frozen_0.05": {
      "pa": 0.5098773217201233,
      "em": 0.0,
      "total_time": 0.3963344097137451,
      "frozen_ratio": 0.0
    },
    "frozen_0.1": {
      "pa": 0.5098773217201233,
      "em": 0.0,
      "total_time": 0.3965897560119629,
      "frozen_ratio": 4.8828125e-06
    }
  },
  "elapsed_seconds": 5.8853514194488525
}