{
  "experiment": "Phase 60: LLM Test-Time Compute Scaling Law",
  "timestamp": "2026-04-13T04:44:42.099478",
  "model": "mistralai/Mistral-7B-Instruct-v0.3",
  "status": "complete",
  "K_values": [
    1,
    3,
    5,
    11,
    21
  ],
  "results": {
    "math": {
      "K=1": {
        "accuracy": 0.16666666666666666,
        "time_sec": 36.51704168319702,
        "time_per_problem_sec": 1.217234722773234
      },
      "K=3": {
        "accuracy": 0.16666666666666666,
        "time_sec": 631.4650254249573,
        "time_per_problem_sec": 21.04883418083191
      },
      "K=5": {
        "accuracy": 0.23333333333333334,
        "time_sec": 979.4018228054047,
        "time_per_problem_sec": 32.64672742684682
      },
      "K=11": {
        "accuracy": 0.3,
        "time_sec": 2097.06995677948,
        "time_per_problem_sec": 69.90233189264933
      },
      "K=21": {
        "accuracy": 0.3333333333333333,
        "time_sec": 3640.2205140590668,
        "time_per_problem_sec": 121.3406838019689
      }
    },
    "hanoi": {
      "K=1": {
        "accuracy": 0.13333333333333333,
        "time_sec": 34.78849935531616
      },
      "K=3": {
        "accuracy": 0.3333333333333333,
        "time_sec": 284.5701370239258
      },
      "K=5": {
        "accuracy": 0.4666666666666667,
        "time_sec": 247.09311509132385
      },
      "K=11": {
        "accuracy": 0.5333333333333333,
        "time_sec": 598.1681096553802
      },
      "K=21": {
        "accuracy": 0.5333333333333333,
        "time_sec": 803.4765975475311
      }
    }
  }
}