{
  "gated": {
    "pa": 0.5811799065023661,
    "em": 0.04
  },
  "cogdis": {
    "pa": 0.5706143335253,
    "em": 0.0
  },
  "elapsed": 211.50229001045227,
  "timestamp": "2026-04-22T19:52:41.178672"
}