{
  "baseline": {
    "pa": 0.5650392381101846,
    "em": 0.0
  },
  "critic_01": {
    "pa": 0.5922937402874231,
    "em": 0.04
  },
  "critic_05": {
    "pa": 0.5863513693958521,
    "em": 0.04
  },
  "ae_params": 110795,
  "ae_final_loss": 0.00377595417322246,
  "elapsed": 337.2975299358368,
  "timestamp": "2026-04-23T01:24:35.482465"
}