{
  "experiment": "Phase 146: Dynamic Hourglass",
  "timestamp": "2026-04-19T10:03:04.646589",
  "results": {
    "Baseline NCA": {
      "pixel_acc": 0.99990234375,
      "exact_match": 0.986,
      "params": 18849
    },
    "External Clock": {
      "pixel_acc": 0.99994140625,
      "exact_match": 0.988,
      "params": 19137
    },
    "Hourglass NCA": {
      "pixel_acc": 0.99985546875,
      "exact_match": 0.979,
      "params": 20031
    }
  },
  "clock_trajectory": [
    0.7173119783401489,
    0.3981262743473053,
    0.008672618307173252,
    0.0,
    0.0,
    0.0
  ],
  "temporal_gen": {
    "Baseline NCA": {
      "2": 0.6338359375,
      "4": 0.995453125,
      "6": 0.99990234375,
      "8": 0.99990234375,
      "10": 0.9692421875,
      "12": 0.926765625,
      "16": 0.82727734375
    },
    "External Clock": {
      "2": 0.60947265625,
      "4": 0.98395703125,
      "6": 0.99994140625,
      "8": 0.99990625,
      "10": 0.99990234375,
      "12": 0.99990234375,
      "16": 0.9993125
    },
    "Hourglass NCA": {
      "2": 0.79429296875,
      "4": 0.99064453125,
      "6": 0.99985546875,
      "8": 0.98411328125,
      "10": 0.92627734375,
      "12": 0.89828125,
      "16": 0.87923828125
    }
  },
  "hourglass_wins": false,
  "elapsed_seconds": 58.175682067871094
}