{
  "base": {
    "pa": 0.5895118621736765,
    "em": 0.04
  },
  "ttt": {
    "10": {
      "pa": 0.5895118621736765,
      "em": 0.04
    },
    "30": {
      "pa": 0.5895118621736765,
      "em": 0.04
    },
    "50": {
      "pa": 0.5895118621736765,
      "em": 0.04
    }
  },
  "lora_params": 3928,
  "elapsed": 673.6991794109344,
  "timestamp": "2026-04-24T09:40:23.440058"
}