{
  "baseline": {
    "pa": 0.5487702815234661,
    "em": 0.0
  },
  "standard_ttct": {
    "pa": 0.5614518263190985,
    "em": 0.0
  },
  "ae_ttct": {
    "w0.05": {
      "pa": 0.5614518263190985,
      "em": 0.0
    },
    "w0.1": {
      "pa": 0.5614518263190985,
      "em": 0.0
    },
    "w0.3": {
      "pa": 0.5614518263190985,
      "em": 0.0
    }
  },
  "elapsed": 455.99995851516724,
  "timestamp": "2026-04-23T02:50:33.728041"
}