{
  "standard": {
    "pa": 0.5055795992910862,
    "em": 0.0
  },
  "timetravel": {
    "pa": 0.5289400623738766,
    "em": 0.0
  },
  "elapsed": 294.9493794441223,
  "timestamp": "2026-04-22T19:57:37.044748"
}