{
  "standard": 0.5123613024502993,
  "pyramid": 0.5149572652578354,
  "elapsed": 179.71403288841248,
  "timestamp": "2026-04-22T19:28:55.230374"
}