{
  "N": 100,
  "results": {
    "greedy": {
      "pa": 0.5471776689961553,
      "em": 0.0
    },
    "oracle": {
      "pa": 0.6247549448907376,
      "em": 0.04
    },
    "cycle": {
      "pa": 0.5531874048709869,
      "em": 0.04
    },
    "margin": {
      "pa": 0.5423783831298351,
      "em": 0.0
    }
  },
  "vgap_cycle": 7.156754001975059,
  "vgap_margin": 8.23765617609024,
  "elapsed": 46.985289573669434,
  "timestamp": "2026-04-23T03:34:00.159073"
}