{
  "small_63K": {
    "0.00": {
      "L1": {
        "rate": 100.0,
        "avg": 13.0,
        "n": 30,
        "c": 30
      },
      "L2": {
        "rate": 0.0,
        "avg": 66.0,
        "n": 30,
        "c": 0
      },
      "L3": {
        "rate": 100.0,
        "avg": 41.0,
        "n": 30,
        "c": 30
      },
      "L4": {
        "rate": 0.0,
        "avg": 300.0,
        "n": 30,
        "c": 0
      }
    },
    "0.05": {
      "L1": {
        "rate": 100.0,
        "avg": 13.0,
        "n": 30,
        "c": 30
      },
      "L2": {
        "rate": 0.0,
        "avg": 66.66666666666667,
        "n": 30,
        "c": 0
      },
      "L3": {
        "rate": 50.0,
        "avg": 171.03333333333333,
        "n": 30,
        "c": 15
      },
      "L4": {
        "rate": 0.0,
        "avg": 248.7,
        "n": 30,
        "c": 0
      }
    },
    "0.10": {
      "L1": {
        "rate": 100.0,
        "avg": 13.0,
        "n": 30,
        "c": 30
      },
      "L2": {
        "rate": 3.3333333333333335,
        "avg": 74.5,
        "n": 30,
        "c": 1
      },
      "L3": {
        "rate": 3.3333333333333335,
        "avg": 291.3666666666667,
        "n": 30,
        "c": 1
      },
      "L4": {
        "rate": 0.0,
        "avg": 282.9,
        "n": 30,
        "c": 0
      }
    },
    "0.15": {
      "L1": {
        "rate": 100.0,
        "avg": 13.0,
        "n": 30,
        "c": 30
      },
      "L2": {
        "rate": 10.0,
        "avg": 92.23333333333333,
        "n": 30,
        "c": 3
      },
      "L3": {
        "rate": 6.666666666666667,
        "avg": 282.8666666666667,
        "n": 30,
        "c": 2
      },
      "L4": {
        "rate": 0.0,
        "avg": 288.6,
        "n": 30,
        "c": 0
      }
    },
    "0.20": {
      "L1": {
        "rate": 100.0,
        "avg": 13.0,
        "n": 30,
        "c": 30
      },
      "L2": {
        "rate": 20.0,
        "avg": 119.33333333333333,
        "n": 30,
        "c": 6
      },
      "L3": {
        "rate": 3.3333333333333335,
        "avg": 285.6333333333333,
        "n": 30,
        "c": 1
      },
      "L4": {
        "rate": 0.0,
        "avg": 277.2,
        "n": 30,
        "c": 0
      }
    },
    "0.25": {
      "L1": {
        "rate": 100.0,
        "avg": 13.0,
        "n": 30,
        "c": 30
      },
      "L2": {
        "rate": 16.666666666666664,
        "avg": 169.83333333333334,
        "n": 30,
        "c": 5
      },
      "L3": {
        "rate": 3.3333333333333335,
        "avg": 285.6333333333333,
        "n": 30,
        "c": 1
      },
      "L4": {
        "rate": 0.0,
        "avg": 282.9,
        "n": 30,
        "c": 0
      }
    },
    "0.30": {
      "L1": {
        "rate": 100.0,
        "avg": 13.0,
        "n": 30,
        "c": 30
      },
      "L2": {
        "rate": 6.666666666666667,
        "avg": 177.33333333333334,
        "n": 30,
        "c": 2
      },
      "L3": {
        "rate": 3.3333333333333335,
        "avg": 285.6333333333333,
        "n": 30,
        "c": 1
      },
      "L4": {
        "rate": 0.0,
        "avg": 288.6,
        "n": 30,
        "c": 0
      }
    },
    "0.40": {
      "L1": {
        "rate": 100.0,
        "avg": 13.0,
        "n": 30,
        "c": 30
      },
      "L2": {
        "rate": 0.0,
        "avg": 214.2,
        "n": 30,
        "c": 0
      },
      "L3": {
        "rate": 3.3333333333333335,
        "avg": 285.43333333333334,
        "n": 30,
        "c": 1
      },
      "L4": {
        "rate": 0.0,
        "avg": 294.3,
        "n": 30,
        "c": 0
      }
    },
    "0.50": {
      "L1": {
        "rate": 100.0,
        "avg": 13.0,
        "n": 30,
        "c": 30
      },
      "L2": {
        "rate": 0.0,
        "avg": 238.33333333333334,
        "n": 30,
        "c": 0
      },
      "L3": {
        "rate": 0.0,
        "avg": 294.06666666666666,
        "n": 30,
        "c": 0
      },
      "L4": {
        "rate": 3.3333333333333335,
        "avg": 285.93333333333334,
        "n": 30,
        "c": 1
      }
    },
    "0.75": {
      "L1": {
        "rate": 100.0,
        "avg": 13.0,
        "n": 30,
        "c": 30
      },
      "L2": {
        "rate": 0.0,
        "avg": 261.73333333333335,
        "n": 30,
        "c": 0
      },
      "L3": {
        "rate": 0.0,
        "avg": 300.0,
        "n": 30,
        "c": 0
      },
      "L4": {
        "rate": 0.0,
        "avg": 300.0,
        "n": 30,
        "c": 0
      }
    },
    "1.00": {
      "L1": {
        "rate": 100.0,
        "avg": 13.0,
        "n": 30,
        "c": 30
      },
      "L2": {
        "rate": 0.0,
        "avg": 292.2,
        "n": 30,
        "c": 0
      },
      "L3": {
        "rate": 3.3333333333333335,
        "avg": 285.6333333333333,
        "n": 30,
        "c": 1
      },
      "L4": {
        "rate": 0.0,
        "avg": 300.0,
        "n": 30,
        "c": 0
      }
    }
  },
  "large_244K": {
    "0.00": {
      "L1": {
        "rate": 100.0,
        "avg": 13.0,
        "n": 30,
        "c": 30
      },
      "L2": {
        "rate": 0.0,
        "avg": 66.0,
        "n": 30,
        "c": 0
      },
      "L3": {
        "rate": 100.0,
        "avg": 41.0,
        "n": 30,
        "c": 30
      },
      "L4": {
        "rate": 0.0,
        "avg": 300.0,
        "n": 30,
        "c": 0
      }
    },
    "0.05": {
      "L1": {
        "rate": 100.0,
        "avg": 13.0,
        "n": 30,
        "c": 30
      },
      "L2": {
        "rate": 0.0,
        "avg": 66.66666666666667,
        "n": 30,
        "c": 0
      },
      "L3": {
        "rate": 63.33333333333333,
        "avg": 136.5,
        "n": 30,
        "c": 19
      },
      "L4": {
        "rate": 0.0,
        "avg": 271.5,
        "n": 30,
        "c": 0
      }
    },
    "0.10": {
      "L1": {
        "rate": 100.0,
        "avg": 13.0,
        "n": 30,
        "c": 30
      },
      "L2": {
        "rate": 10.0,
        "avg": 67.56666666666666,
        "n": 30,
        "c": 3
      },
      "L3": {
        "rate": 10.0,
        "avg": 274.5,
        "n": 30,
        "c": 3
      },
      "L4": {
        "rate": 0.0,
        "avg": 294.3,
        "n": 30,
        "c": 0
      }
    },
    "0.15": {
      "L1": {
        "rate": 100.0,
        "avg": 13.0,
        "n": 30,
        "c": 30
      },
      "L2": {
        "rate": 13.333333333333334,
        "avg": 65.26666666666667,
        "n": 30,
        "c": 4
      },
      "L3": {
        "rate": 16.666666666666664,
        "avg": 257.1666666666667,
        "n": 30,
        "c": 5
      },
      "L4": {
        "rate": 0.0,
        "avg": 294.3,
        "n": 30,
        "c": 0
      }
    },
    "0.20": {
      "L1": {
        "rate": 100.0,
        "avg": 13.0,
        "n": 30,
        "c": 30
      },
      "L2": {
        "rate": 20.0,
        "avg": 68.2,
        "n": 30,
        "c": 6
      },
      "L3": {
        "rate": 3.3333333333333335,
        "avg": 291.43333333333334,
        "n": 30,
        "c": 1
      },
      "L4": {
        "rate": 0.0,
        "avg": 294.3,
        "n": 30,
        "c": 0
      }
    },
    "0.25": {
      "L1": {
        "rate": 100.0,
        "avg": 13.0,
        "n": 30,
        "c": 30
      },
      "L2": {
        "rate": 10.0,
        "avg": 108.56666666666666,
        "n": 30,
        "c": 3
      },
      "L3": {
        "rate": 0.0,
        "avg": 300.0,
        "n": 30,
        "c": 0
      },
      "L4": {
        "rate": 0.0,
        "avg": 294.3,
        "n": 30,
        "c": 0
      }
    },
    "0.30": {
      "L1": {
        "rate": 100.0,
        "avg": 13.0,
        "n": 30,
        "c": 30
      },
      "L2": {
        "rate": 10.0,
        "avg": 167.5,
        "n": 30,
        "c": 3
      },
      "L3": {
        "rate": 3.3333333333333335,
        "avg": 285.1666666666667,
        "n": 30,
        "c": 1
      },
      "L4": {
        "rate": 0.0,
        "avg": 300.0,