{
  "large_244K": {
    "static_0.20": {
      "c": 16,
      "n": 100,
      "rate": 16.0,
      "ci": [
        10.1,
        24.4
      ]
    },
    "static_0.25": {
      "c": 15,
      "n": 100,
      "rate": 15.0,
      "ci": [
        9.3,
        23.3
      ]
    },
    "bandit": {
      "c": 12,
      "n": 100,
      "rate": 12.0,
      "ci": [
        7.0,
        19.8
      ],
      "fisher_p_vs_best_static": 0.541583,
      "arm_preference": {
        "arm0_s0.10_syn0.8": 12.2,
        "arm1_s0.15_syn1.0": 13.1,
        "arm2_s0.20_syn1.0": 12.3,
        "arm3_s0.25_syn1.0": 12.7,
        "arm4_s0.20_syn1.2": 12.6,
        "arm5_s0.25_syn1.2": 12.4,
        "arm6_s0.15_syn0.8": 12.1,
        "arm7_s0.30_syn1.0": 12.6
      },
      "preferred_arm": "\u03c3=0.15, scale=1.0"
    }
  },
  "small_63K": {
    "static_0.20": {
      "c": 5,
      "n": 100,
      "rate": 5.0,
      "ci": [
        2.2,
        11.2
      ]
    },
    "static_0.25": {
      "c": 2,
      "n": 100,
      "rate": 2.0,
      "ci": [
        0.6,
        7.0
      ]
    },
    "bandit": {
      "c": 2,
      "n": 100,
      "rate": 2.0,
      "ci": [
        0.6,
        7.0
      ],
      "fisher_p_vs_best_static": 0.444754,
      "arm_preference": {
        "arm0_s0.10_syn0.8": 12.4,
        "arm1_s0.15_syn1.0": 12.9,
        "arm2_s0.20_syn1.0": 12.4,
        "arm3_s0.25_syn1.0": 12.6,
        "arm4_s0.20_syn1.2": 12.4,
        "arm5_s0.25_syn1.2": 12.5,
        "arm6_s0.15_syn0.8": 12.2,
        "arm7_s0.30_syn1.0": 12.6
      },
      "preferred_arm": "\u03c3=0.15, scale=1.0"
    }
  }
}