{
  "large_244K": {
    "sigma_0.20": {
      "K=1": {
        "c": 12,
        "n": 100,
        "rate": 12.0,
        "ci": [
          7.0,
          19.8
        ],
        "fisher_p": null
      },
      "K=3": {
        "c": 9,
        "n": 100,
        "rate": 9.0,
        "ci": [
          4.8,
          16.2
        ],
        "fisher_p": 0.645478
      },
      "K=5": {
        "c": 5,
        "n": 100,
        "rate": 5.0,
        "ci": [
          2.2,
          11.2
        ],
        "fisher_p": 0.126179
      },
      "K=7": {
        "c": 7,
        "n": 100,
        "rate": 7.0,
        "ci": [
          3.4,
          13.7
        ],
        "fisher_p": 0.334999
      },
      "K=11": {
        "c": 2,
        "n": 100,
        "rate": 2.0,
        "ci": [
          0.6,
          7.0
        ],
        "fisher_p": 0.010095
      }
    },
    "sigma_0.25": {
      "K=1": {
        "c": 15,
        "n": 100,
        "rate": 15.0,
        "ci": [
          9.3,
          23.3
        ],
        "fisher_p": null
      },
      "K=3": {
        "c": 9,
        "n": 100,
        "rate": 9.0,
        "ci": [
          4.8,
          16.2
        ],
        "fisher_p": 0.276448
      },
      "K=5": {
        "c": 7,
        "n": 100,
        "rate": 7.0,
        "ci": [
          3.4,
          13.7
        ],
        "fisher_p": 0.112054
      },
      "K=7": {
        "c": 8,
        "n": 100,
        "rate": 8.0,
        "ci": [
          4.1,
          15.0
        ],
        "fisher_p": 0.182661
      },
      "K=11": {
        "c": 4,
        "n": 100,
        "rate": 4.0,
        "ci": [
          1.6,
          9.8
        ],
        "fisher_p": 0.013989
      }
    },
    "sigma_0.30": {
      "K=1": {
        "c": 6,
        "n": 100,
        "rate": 6.0,
        "ci": [
          2.8,
          12.5
        ],
        "fisher_p": null
      },
      "K=3": {
        "c": 13,
        "n": 100,
        "rate": 13.0,
        "ci": [
          7.8,
          21.0
        ],
        "fisher_p": 0.146385
      },
      "K=5": {
        "c": 18,
        "n": 100,
        "rate": 18.0,
        "ci": [
          11.7,
          26.7
        ],
        "fisher_p": 0.015254
      },
      "K=7": {
        "c": 8,
        "n": 100,
        "rate": 8.0,
        "ci": [
          4.1,
          15.0
        ],
        "fisher_p": 0.782807
      },
      "K=11": {
        "c": 11,
        "n": 100,
        "rate": 11.0,
        "ci": [
          6.3,
          18.6
        ],
        "fisher_p": 0.310609
      }
    }
  },
  "small_63K": {
    "sigma_0.20": {
      "K=1": {
        "c": 7,
        "n": 100,
        "rate": 7.0,
        "ci": [
          3.4,
          13.7
        ],
        "fisher_p": null
      },
      "K=3": {
        "c": 9,
        "n": 100,
        "rate": 9.0,
        "ci": [
          4.8,
          16.2
        ],
        "fisher_p": 0.795281
      },
      "K=5": {
        "c": 1,
        "n": 100,
        "rate": 1.0,
        "ci": [
          0.2,
          5.4
        ],
        "fisher_p": 0.064859
      },
      "K=7": {
        "c": 6,
        "n": 100,
        "rate": 6.0,
        "ci": [
          2.8,
          12.5
        ],
        "fisher_p": 1.0
      },
      "K=11": {
        "c": 1,
        "n": 100,
        "rate": 1.0,
        "ci": [
          0.2,
          5.4
        ],
        "fisher_p": 0.064859
      }
    },
    "sigma_0.25": {
      "K=1": {
        "c": 12,
        "n": 100,
        "rate": 12.0,
        "ci": [
          7.0,
          19.8
        ],
        "fisher_p": null
      },
      "K=3": {
        "c": 6,
        "n": 100,
        "rate": 6.0,
        "ci": [
          2.8,
          12.5
        ],
        "fisher_p": 0.215874
      },
      "K=5": {
        "c": 3,
        "n": 100,
        "rate": 3.0,
        "ci": [
          1.0,
          8.5
        ],
        "fisher_p": 0.028671
      },
      "K=7": {
        "c": 3,
        "n": 100,
        "rate": 3.0,
        "ci": [
          1.0,
          8.5
        ],
        "fisher_p": 0.028671
      },
      "K=11": {
        "c": 1,
        "n": 100,
        "rate": 1.0,
        "ci": [
          0.2,
          5.4
        ],
        "fisher_p": 0.002539
      }
    },
    "sigma_0.30": {
      "K=1": {
        "c": 6,
        "n": 100,
        "rate": 6.0,
        "ci": [
          2.8,
          12.5
        ],
        "fisher_p": null
      },
      "K=3": {
        "c": 8,
        "n": 100,
        "rate": 8.0,
        "ci": [
          4.1,
          15.0
        ],
        "fisher_p": 0.782807
      },
      "K=5": {
        "c": 6,
        "n": 100,
        "rate": 6.0,
        "ci": [
          2.8,
          12.5
        ],
        "fisher_p": 1.0
      },
      "K=7": {
        "c": 5,
        "n": 100,
        "rate": 5.0,
        "ci": [
          2.2,
          11.2
        ],
        "fisher_p": 1.0
      },
      "K=11": {
        "c": 4,
        "n": 100,
        "rate": 4.0,
        "ci": [
          1.6,
          9.8
        ],
        "fisher_p": 0.74753
      }
    }
  }
}